"TABLE_NAME","COLUMN_NAME","DATA_TYPE"
"CLTB_ACCOUNT_COMPONENTS","PENAL_BASIS_COMP","VARCHAR2"
"CLTB_ACCOUNT_COMPONENTS","CAPITALIZED","VARCHAR2"
"CLTB_ACCOUNT_COMPONENTS","DR_PAYMENT_MODE","VARCHAR2"
"CLTB_ACCOUNT_COMPONENTS","CR_PAYMENT_MODE","VARCHAR2"
"CLTB_ACCOUNT_COMPONENTS","DR_PROD_AC","VARCHAR2"
"CLTB_ACCOUNT_COMPONENTS","CR_PROD_AC","VARCHAR2"
"CLTB_ACCOUNT_COMPONENTS","WAIVE","VARCHAR2"
"CLTB_ACCOUNT_COMPONENTS","DR_ACC_BRN","VARCHAR2"
"CLTB_ACCOUNT_COMPONENTS","CR_ACC_BRN","VARCHAR2"
"CLTB_ACCOUNT_COMPONENTS","SVC_ACC_AC","VARCHAR2"
"CLTB_ACCOUNT_COMPONENTS","SVC_ACC_BRN","VARCHAR2"
"CLTB_ACCOUNT_COMPONENTS","EXT_ACC_NO_CR","VARCHAR2"
"CLTB_ACCOUNT_COMPONENTS","EXT_ACC_NAME_CR","VARCHAR2"
"CLTB_ACCOUNT_COMPONENTS","CLG_BANK_CODE_CR","VARCHAR2"
"CLTB_ACCOUNT_COMPONENTS","CLG_BRN_CODE_CR","VARCHAR2"
"CLTB_ACCOUNT_COMPONENTS","PC_CAT_CR","VARCHAR2"
"CLTB_ACCOUNT_COMPONENTS","EXT_ACC_NO_DR","VARCHAR2"
"CLTB_ACCOUNT_COMPONENTS","EXT_ACC_NAME_DR","VARCHAR2"
"CLTB_ACCOUNT_COMPONENTS","CLG_BANK_CODE_DR","VARCHAR2"
"CLTB_ACCOUNT_COMPONENTS","CLG_BRN_CODE_DR","VARCHAR2"
"CLTB_ACCOUNT_COMPONENTS","PC_CAT_DR","VARCHAR2"
"CLTB_ACCOUNT_COMPONENTS","CARD_NO","VARCHAR2"
"CLTB_ACCOUNT_COMPONENTS","INSTRUMENT_NO_CR","VARCHAR2"
"CLTB_ACCOUNT_COMPONENTS","ROUTING_NO_CR","VARCHAR2"
"CLTB_ACCOUNT_COMPONENTS","END_POINT_CR","VARCHAR2"
"CLTB_ACCOUNT_COMPONENTS","CLG_PROD_CODE_CR","VARCHAR2"
"CLTB_ACCOUNT_COMPONENTS","SECTOR_CODE_CR","VARCHAR2"
"CLTB_ACCOUNT_COMPONENTS","INSTRUMENT_NO_DR","VARCHAR2"
"CLTB_ACCOUNT_COMPONENTS","ROUTING_NO_DR","VARCHAR2"
"CLTB_ACCOUNT_COMPONENTS","END_POINT_DR","VARCHAR2"
"CLTB_ACCOUNT_COMPONENTS","CLG_PROD_CODE_DR","VARCHAR2"
"CLTB_ACCOUNT_COMPONENTS","SECTOR_CODE_DR","VARCHAR2"
"CLTB_ACCOUNT_COMPONENTS","FUND_DURING_INIT","VARCHAR2"
"CLTB_ACCOUNT_COMPONENTS","FUND_DURING_ROLL","VARCHAR2"
"CLTB_ACCOUNT_COMPONENTS","COMPONENT_CCY","VARCHAR2"
"CLTB_ACCOUNT_COMPONENTS","UPLOAD_SOURCE_DR","VARCHAR2"
"CLTB_ACCOUNT_COMPONENTS","UPLOAD_SOURCE_CR","VARCHAR2"
"CLTB_ACCOUNT_COMPONENTS","VERIFY_FUNDS","VARCHAR2"
"CLTB_ACCOUNT_COMPONENTS","GIRO_MODE_DR","VARCHAR2"
"CLTB_ACCOUNT_COMPONENTS","GIRO_SERVICE_DR","VARCHAR2"
"CLTB_ACCOUNT_COMPONENTS","GIRO_NUMBER_DR","VARCHAR2"
"CLTB_ACCOUNT_COMPONENTS","PAYER_ACC_NO_DR","VARCHAR2"
"CLTB_ACCOUNT_COMPONENTS","PAYER_BANK_CODE_DR","VARCHAR2"
"CLTB_ACCOUNT_COMPONENTS","PAYER_BRANCH_DR","VARCHAR2"
"CLTB_ACCOUNT_COMPONENTS","PAYER_ADDRESS1_DR","VARCHAR2"
"CLTB_ACCOUNT_COMPONENTS","PAYER_ADDRESS2_DR","VARCHAR2"
"CLTB_ACCOUNT_COMPONENTS","PAYER_ADDRESS3_DR","VARCHAR2"
"CLTB_ACCOUNT_COMPONENTS","PAYER_ADDRESS4_DR","VARCHAR2"
"CLTB_ACCOUNT_COMPONENTS","GIRO_MODE_CR","VARCHAR2"
"CLTB_ACCOUNT_COMPONENTS","GIRO_SERVICE_CR","VARCHAR2"
"CLTB_ACCOUNT_COMPONENTS","GIRO_NUMBER_CR","VARCHAR2"
"CLTB_ACCOUNT_COMPONENTS","PAYER_ACC_NO_CR","VARCHAR2"
"CLTB_ACCOUNT_COMPONENTS","PAYER_BANK_CODE_CR","VARCHAR2"
"CLTB_ACCOUNT_COMPONENTS","PAYER_BRANCH_CR","VARCHAR2"
"CLTB_ACCOUNT_COMPONENTS","PAYER_ADDRESS1_CR","VARCHAR2"
"CLTB_ACCOUNT_COMPONENTS","PAYER_ADDRESS2_CR","VARCHAR2"
"CLTB_ACCOUNT_COMPONENTS","PAYER_ADDRESS3_CR","VARCHAR2"
"CLTB_ACCOUNT_COMPONENTS","PAYER_ADDRESS4_CR","VARCHAR2"
"CLTB_ACCOUNT_COMPONENTS","IRR_APPLICABLE","CHAR"
"CLTB_ACCOUNT_COMPONENTS","EXCHANGE_RATE","NUMBER"
"CLTB_ACCOUNT_COMPONENTS","NEGOTIATED_RATE","NUMBER"
"CLTB_ACCOUNT_COMPONENTS","NEGOTIATION_REF_NO","VARCHAR2"
"CLTB_ACCOUNT_COMPONENTS","ORG_EXCH_RATE","NUMBER"
"CLTB_ACCOUNT_COMPONENTS","EXCHANGE_RATE_DR","NUMBER"
"CLTB_ACCOUNT_COMPONENTS","NEGOTIATED_RATE_DR","NUMBER"
"CLTB_ACCOUNT_COMPONENTS","NEGOTIATION_REF_NO_DR","VARCHAR2"
"CLTB_ACCOUNT_COMPONENTS","ORG_EXCH_RATE_DR","NUMBER"
"CLTB_ACCOUNT_COMPONENTS","DAYS_MTH","VARCHAR2"
"CLTB_ACCOUNT_COMPONENTS","DAYS_YEAR","VARCHAR2"
"CLTB_ACCOUNT_COMPONENTS","USE_GUARANTOR","VARCHAR2"
"CLTB_ACCOUNT_COMPONENTS","EQUAL_PROFIT","VARCHAR2"
"CLTB_ACCOUNT_COMPONENTS","RE_PAYMENT_MODE","VARCHAR2"
"CLTB_ACCOUNT_COMPONENTS","RE_PROD_AC","VARCHAR2"
"CLTB_ACCOUNT_COMPONENTS","EXT_ACC_NO_RE","VARCHAR2"
"CLTB_ACCOUNT_COMPONENTS","EXT_ACC_NAME_RE","VARCHAR2"
"CLTB_ACCOUNT_COMPONENTS","CLG_BANK_CODE_RE","VARCHAR2"
"CLTB_ACCOUNT_COMPONENTS","CLG_BRN_CODE_RE","VARCHAR2"
"CLTB_ACCOUNT_COMPONENTS","INSTRUMENT_NO_RE","VARCHAR2"
"CLTB_ACCOUNT_COMPONENTS","ROUTING_NO_RE","VARCHAR2"
"CLTB_ACCOUNT_COMPONENTS","END_POINT_RE","VARCHAR2"
"CLTB_ACCOUNT_COMPONENTS","SECTOR_CODE_RE","VARCHAR2"
"CLTB_ACCOUNT_COMPONENTS","UPLOAD_SOURCE_RE","VARCHAR2"
"CLTB_ACCOUNT_COMPONENTS","GIRO_SERVICE_RE","VARCHAR2"
"CLTB_ACCOUNT_COMPONENTS","PAYER_BRANCH_RE","VARCHAR2"
"CLTB_ACCOUNT_COMPONENTS","PAYER_ADDRESS1_RE","VARCHAR2"
"CLTB_ACCOUNT_COMPONENTS","PAYER_ADDRESS2_RE","VARCHAR2"
"CLTB_ACCOUNT_COMPONENTS","PAYER_ADDRESS3_RE","VARCHAR2"
"CLTB_ACCOUNT_COMPONENTS","PAYER_ADDRESS4_RE","VARCHAR2"
"CLTB_ACCOUNT_COMPONENTS","RE_ACC_BRN","VARCHAR2"
"CLTB_ACCOUNT_COMPONENTS","CLG_PROD_CODE_RE","VARCHAR2"
"CLTB_ACCOUNT_COMPONENTS","GIRO_MODE_RE","VARCHAR2"
"CLTB_ACCOUNT_COMPONENTS","GIRO_NUMBER_RE","VARCHAR2"
"CLTB_ACCOUNT_COMPONENTS","PAYER_ACC_NO_RE","VARCHAR2"
"CLTB_ACCOUNT_COMPONENTS","PAYER_BANK_CODE_RE","VARCHAR2"
"CLTB_ACCOUNT_COMPONENTS","PC_CAT_RE","VARCHAR2"
"CLTB_ACCOUNT_COMPONENTS","LIQUIDATION_MODE","VARCHAR2"
"CLTB_ACCOUNT_COMPONENTS","ACCOUNT_NUMBER","VARCHAR2"
"CLTB_ACCOUNT_COMPONENTS","BRANCH_CODE","VARCHAR2"
"CLTB_ACCOUNT_COMPONENTS","COMPONENT_NAME","VARCHAR2"
"CLTB_ACCOUNT_COMPONENTS","SETTLEMENT_CCY","VARCHAR2"
"CLTB_ACCOUNT_COMPONENTS","COMPONENT_TYPE","VARCHAR2"
"CLTB_ACCOUNT_COMPONENTS","MAIN_COMPONENT","VARCHAR2"
"CLTB_ACCOUNT_COMPONENTS","SPL_INTEREST","VARCHAR2"
"CLTB_ACCOUNT_COMPONENTS","SPL_INTEREST_AMT","NUMBER"
"CLTB_ACCOUNT_COMP_SCH","PAYMENT_MODE","VARCHAR2"
"CLTB_ACCOUNT_COMP_SCH","PMNT_PROD_AC","VARCHAR2"
"CLTB_ACCOUNT_COMP_SCH","PAYMENT_DETAILS","VARCHAR2"
"CLTB_ACCOUNT_COMP_SCH","BEN_ACCOUNT","VARCHAR2"
"CLTB_ACCOUNT_COMP_SCH","BEN_BANK","VARCHAR2"
"CLTB_ACCOUNT_COMP_SCH","BEN_NAME","VARCHAR2"
"CLTB_ACCOUNT_COMP_SCH","CAPITALIZED","VARCHAR2"
"CLTB_ACCOUNT_COMP_SCH","FIRST_DUE_DATE","DATE"
"CLTB_ACCOUNT_COMP_SCH","WAIVER_FLAG","VARCHAR2"
"CLTB_ACCOUNT_COMP_SCH","COMPOUND_DAYS","NUMBER"
"CLTB_ACCOUNT_COMP_SCH","COMPOUND_MONTHS","NUMBER"
"CLTB_ACCOUNT_COMP_SCH","COMPOUND_YEARS","NUMBER"
"CLTB_ACCOUNT_COMP_SCH","EMI_AMOUNT","NUMBER"
"CLTB_ACCOUNT_COMP_SCH","DUE_DATES_ON","NUMBER"
"CLTB_ACCOUNT_COMP_SCH","DAYS_MTH","VARCHAR2"
"CLTB_ACCOUNT_COMP_SCH","DAYS_YEAR","VARCHAR2"
"CLTB_ACCOUNT_COMP_SCH","DP_AMOUNT","NUMBER"
"CLTB_ACCOUNT_COMP_SCH","PAY_MODE","VARCHAR2"
"CLTB_ACCOUNT_COMP_SCH","PAYABLE_ACC","VARCHAR2"
"CLTB_ACCOUNT_COMP_SCH","EXCH_RATE","NUMBER"
"CLTB_ACCOUNT_COMP_SCH","PAYABLE_ACC_CCY","VARCHAR2"
"CLTB_ACCOUNT_COMP_SCH","EMI_AS_PERCENTAGE_SALARY","NUMBER"
"CLTB_ACCOUNT_COMP_SCH","ACCOUNT_NUMBER","VARCHAR2"
"CLTB_ACCOUNT_COMP_SCH","BRANCH_CODE","VARCHAR2"
"CLTB_ACCOUNT_COMP_SCH","COMPONENT_NAME","VARCHAR2"
"CLTB_ACCOUNT_COMP_SCH","SCHEDULE_TYPE","VARCHAR2"
"CLTB_ACCOUNT_COMP_SCH","SCHEDULE_FLAG","VARCHAR2"
"CLTB_ACCOUNT_COMP_SCH","FORMULA_NAME","VARCHAR2"
"CLTB_ACCOUNT_COMP_SCH","SCH_START_DATE","DATE"
"CLTB_ACCOUNT_COMP_SCH","NO_OF_SCHEDULES","NUMBER"
"CLTB_ACCOUNT_COMP_SCH","FREQUENCY","NUMBER"
"CLTB_ACCOUNT_COMP_SCH","UNIT","VARCHAR2"
"CLTB_ACCOUNT_COMP_SCH","SCH_END_DATE","DATE"
"CLTB_ACCOUNT_COMP_SCH","AMOUNT","NUMBER"
"ACTB_HISTORY","TRN_REF_NO","VARCHAR2"
"ACTB_HISTORY","EVENT_SR_NO","NUMBER"
"ACTB_HISTORY","EVENT","VARCHAR2"
"ACTB_HISTORY","AC_BRANCH","VARCHAR2"
"ACTB_HISTORY","AC_NO","VARCHAR2"
"ACTB_HISTORY","AC_CCY","VARCHAR2"
"ACTB_HISTORY","DRCR_IND","CHAR"
"ACTB_HISTORY","TRN_CODE","VARCHAR2"
"ACTB_HISTORY","AMOUNT_TAG","VARCHAR2"
"ACTB_HISTORY","FCY_AMOUNT","NUMBER"
"ACTB_HISTORY","EXCH_RATE","NUMBER"
"ACTB_HISTORY","LCY_AMOUNT","NUMBER"
"ACTB_HISTORY","RELATED_CUSTOMER","VARCHAR2"
"ACTB_HISTORY","RELATED_ACCOUNT","VARCHAR2"
"ACTB_HISTORY","RELATED_REFERENCE","VARCHAR2"
"ACTB_HISTORY","MIS_FLAG","CHAR"
"ACTB_HISTORY","MIS_HEAD","VARCHAR2"
"ACTB_HISTORY","TRN_DT","DATE"
"ACTB_HISTORY","VALUE_DT","DATE"
"ACTB_HISTORY","TXN_INIT_DATE","DATE"
"ACTB_HISTORY","FINANCIAL_CYCLE","VARCHAR2"
"ACTB_HISTORY","PERIOD_CODE","VARCHAR2"
"ACTB_HISTORY","INSTRUMENT_CODE","VARCHAR2"
"ACTB_HISTORY","BANK_CODE","VARCHAR2"
"ACTB_HISTORY","TYPE","CHAR"
"ACTB_HISTORY","CATEGORY","CHAR"
"ACTB_HISTORY","CUST_GL","CHAR"
"ACTB_HISTORY","MODULE","VARCHAR2"
"ACTB_HISTORY","AC_ENTRY_SR_NO","NUMBER"
"ACTB_HISTORY","IB","CHAR"
"ACTB_HISTORY","FLG_POSITION_STATUS","CHAR"
"ACTB_HISTORY","GLMIS_UPDATE_FLAG","CHAR"
"ACTB_HISTORY","USER_ID","VARCHAR2"
"ACTB_HISTORY","CURR_NO","NUMBER"
"ACTB_HISTORY","BATCH_NO","VARCHAR2"
"ACTB_HISTORY","PRINT_STAT","CHAR"
"ACTB_HISTORY","PRODUCT_ACCRUAL","VARCHAR2"
"ACTB_HISTORY","AUTH_ID","VARCHAR2"
"ACTB_HISTORY","PRODUCT","VARCHAR2"
"ACTB_HISTORY","GLMIS_VAL_UPD_FLAG","CHAR"
"ACTB_HISTORY","EXTERNAL_REF_NO","VARCHAR2"
"ACTB_HISTORY","DONT_SHOWIN_STMT","CHAR"
"ACTB_HISTORY","IC_BAL_INCLUSION","CHAR"
"ACTB_HISTORY","AML_EXCEPTION","VARCHAR2"
"ACTB_HISTORY","ORIG_PNL_GL","VARCHAR2"
"ACTB_HISTORY","STMT_DT","DATE"
"ACTB_HISTORY","ENTRY_SEQ_NO","NUMBER"
"CLTB_ACCOUNT_COMP_BAL_BREAKUP","CREATION_DATE","DATE"
"CLTB_ACCOUNT_COMP_BAL_BREAKUP","STATUS_CODE","VARCHAR2"
"CLTB_ACCOUNT_COMP_BAL_BREAKUP","SEVERITY_LEVEL","NUMBER"
"CLTB_ACCOUNT_COMP_BAL_BREAKUP","CONT_OFFSET_GL","VARCHAR2"
"CLTB_ACCOUNT_COMP_BAL_BREAKUP","BALANCE_FLAG","VARCHAR2"
"CLTB_ACCOUNT_COMP_BAL_BREAKUP","GAAP_INDICATOR","VARCHAR2"
"CLTB_ACCOUNT_COMP_BAL_BREAKUP","ACCOUNT_NUMBER","VARCHAR2"
"CLTB_ACCOUNT_COMP_BAL_BREAKUP","BRANCH_CODE","VARCHAR2"
"CLTB_ACCOUNT_COMP_BAL_BREAKUP","COMPONENT","VARCHAR2"
"CLTB_ACCOUNT_COMP_BAL_BREAKUP","GL_CODE","VARCHAR2"
"CLTB_ACCOUNT_COMP_BAL_BREAKUP","GL_TYPE","VARCHAR2"
"CLTB_ACCOUNT_COMP_BAL_BREAKUP","BALANCE","NUMBER"
"CLTB_ACCOUNT_COMP_BAL_BREAKUP","LCY_BALANCE","NUMBER"
"CLTB_AMOUNT_PAID_HISTORY","ACCOUNT_NUMBER","VARCHAR2"
"CLTB_AMOUNT_PAID_HISTORY","BRANCH_CODE","VARCHAR2"
"CLTB_AMOUNT_PAID_HISTORY","COMPONENT_NAME","VARCHAR2"
"CLTB_AMOUNT_PAID_HISTORY","DUE_DATE","DATE"
"CLTB_AMOUNT_PAID_HISTORY","PAID_DATE","DATE"
"CLTB_AMOUNT_PAID_HISTORY","EVENT_SEQ_NO","NUMBER"
"CLTB_AMOUNT_PAID_HISTORY","AMOUNT_PAID","NUMBER"
"CLTB_AMOUNT_PAID_HISTORY","AMOUNT_WAIVED","NUMBER"
"CLTB_AMOUNT_PAID_HISTORY","AMOUNT_CAPITALIZED","NUMBER"
"CLTB_AMOUNT_PAID_HISTORY","VERSION_NO","NUMBER"
"CLTB_AMOUNT_PAID_HISTORY","EXEC_DATE","DATE"
"CLTB_AMOUNT_PAID_HISTORY","PAID_STATUS","VARCHAR2"
"CLTB_AMOUNT_PAID_HISTORY","START_DATE","DATE"
"CLTB_ACCOUNT_COMP_BALANCES","BRANCH_CODE","VARCHAR2"
"CLTB_ACCOUNT_COMP_BALANCES","ACCOUNT_NUMBER","VARCHAR2"
"CLTB_ACCOUNT_COMP_BALANCES","COMPONENT_NAME","VARCHAR2"
"CLTB_ACCOUNT_COMP_BALANCES","VAL_DATE","DATE"
"CLTB_ACCOUNT_COMP_BALANCES","BALANCE","NUMBER"
"CLTB_ACCOUNT_COMP_CALC","BRANCH_CODE","VARCHAR2"
"CLTB_ACCOUNT_COMP_CALC","ACCOUNT_NUMBER","VARCHAR2"
"CLTB_ACCOUNT_COMP_CALC","COMPONENT_NAME","VARCHAR2"
"CLTB_ACCOUNT_COMP_CALC","FORMULA_NAME","VARCHAR2"
"CLTB_ACCOUNT_COMP_CALC","SCH_DUE_DATE","DATE"
"CLTB_ACCOUNT_COMP_CALC","START_DATE","DATE"
"CLTB_ACCOUNT_COMP_CALC","END_DATE","DATE"
"CLTB_ACCOUNT_COMP_CALC","NO_OF_DAYS","NUMBER"
"CLTB_ACCOUNT_COMP_CALC","PRODUCT","VARCHAR2"
"CLTB_ACCOUNT_COMP_CALC","CURRENCY","VARCHAR2"
"CLTB_ACCOUNT_COMP_CALC","EXPR_LINE","VARCHAR2"
"CLTB_ACCOUNT_COMP_CALC","ACCR_TILL_DATE","NUMBER"
"CLTB_ACCOUNT_COMP_CALC","DLY_AVG_AMT","NUMBER"
"CLTB_ACCOUNT_COMP_CALC","IS_DUE_TO_SUB_COMP","VARCHAR2"
"CLTB_ACCOUNT_COMP_CALC","SCH_START_DATE","DATE"
"CLTB_ACCOUNT_COMP_CALC","FORMULA_GROUP","VARCHAR2"
"CLTB_DISBR_SCHEDULES","ACCOUNT_NUMBER","VARCHAR2"
"CLTB_DISBR_SCHEDULES","BRANCH_CODE","VARCHAR2"
"CLTB_DISBR_SCHEDULES","COMPONENT_NAME","VARCHAR2"
"CLTB_DISBR_SCHEDULES","SCHEDULE_ST_DATE","DATE"
"CLTB_DISBR_SCHEDULES","SCHEDULE_DUE_DATE","DATE"
"CLTB_DISBR_SCHEDULES","AMOUNT_TO_DISBR","NUMBER"
"CLTB_DISBR_SCHEDULES","SCHEDULE_LINKAGE","DATE"
"CLTB_DISBR_SCHEDULES","DTYPE","VARCHAR2"
"CLTB_DISBR_SCHEDULES","MANUAL_AMT_DSBR","NUMBER"
"CLTB_DISBR_SCHEDULES","CUR_DISBR_AMT","NUMBER"
"CLTB_DISBR_SCHEDULES","AMT_DISBURSED","NUMBER"
"CLTB_ACCOUNT_UDE_EFF_DATES","ACCOUNT_NUMBER","VARCHAR2"
"CLTB_ACCOUNT_UDE_EFF_DATES","BRANCH_CODE","VARCHAR2"
"CLTB_ACCOUNT_UDE_EFF_DATES","EFFECTIVE_DATE","DATE"
"CLTB_EVENT_ENTRIES","ROUTING_NO","VARCHAR2"
"CLTB_EVENT_ENTRIES","END_POINT","VARCHAR2"
"CLTB_EVENT_ENTRIES","EXTERNAL_ACCOUNT_NO","VARCHAR2"
"CLTB_EVENT_ENTRIES","EXTERNAL_ACCOUNT_NAME","VARCHAR2"
"CLTB_EVENT_ENTRIES","CLEARING_BANK","VARCHAR2"
"CLTB_EVENT_ENTRIES","CLEARING_BRANCH","VARCHAR2"
"CLTB_EVENT_ENTRIES","INSTRUMENT_NO","VARCHAR2"
"CLTB_EVENT_ENTRIES","SECTOR_CODE","VARCHAR2"
"CLTB_EVENT_ENTRIES","INTERFACE_ID","VARCHAR2"
"CLTB_EVENT_ENTRIES","DR_ACC_ROLE","VARCHAR2"
"CLTB_EVENT_ENTRIES","CR_ACC_ROLE","VARCHAR2"
"CLTB_EVENT_ENTRIES","ENTRY_PAIR_NO","NUMBER"
"CLTB_EVENT_ENTRIES","REIM_STTL_MODE","VARCHAR2"
"CLTB_EVENT_ENTRIES","REIM_STTL_PROD","VARCHAR2"
"CLTB_EVENT_ENTRIES","REIM_STTL_ACC","VARCHAR2"
"CLTB_EVENT_ENTRIES","REIM_STTL_CCY","VARCHAR2"
"CLTB_EVENT_ENTRIES","REIM_STTL_BRN","VARCHAR2"
"CLTB_EVENT_ENTRIES","REIM_STTL_DETAILS","VARCHAR2"
"CLTB_EVENT_ENTRIES","REIM_AMOUNT_SETTLED","NUMBER"
"CLTB_EVENT_ENTRIES","DR_MIS_HEAD","VARCHAR2"
"CLTB_EVENT_ENTRIES","CR_MIS_HEAD","VARCHAR2"
"CLTB_EVENT_ENTRIES","DR_INTERNAL_GL_TYPE","VARCHAR2"
"CLTB_EVENT_ENTRIES","CR_INTERNAL_GL_TYPE","VARCHAR2"
"CLTB_EVENT_ENTRIES","CR_GAAP_INDICATOR","VARCHAR2"
"CLTB_EVENT_ENTRIES","DR_GAAP_INDICATOR","VARCHAR2"
"CLTB_EVENT_ENTRIES","DR_NETTING","VARCHAR2"
"CLTB_EVENT_ENTRIES","CR_NETTING","VARCHAR2"
"CLTB_EVENT_ENTRIES","DR_ROLE_TYPE","VARCHAR2"
"CLTB_EVENT_ENTRIES","CR_ROLE_TYPE","VARCHAR2"
"CLTB_EVENT_ENTRIES","DR_AMT_TAG_TYPE","VARCHAR2"
"CLTB_EVENT_ENTRIES","CR_AMT_TAG_TYPE","VARCHAR2"
"CLTB_EVENT_ENTRIES","PRODUCT_CODE","VARCHAR2"
"CLTB_EVENT_ENTRIES","DR_AMOUNT_TAG_TYPE","VARCHAR2"
"CLTB_EVENT_ENTRIES","CR_AMOUNT_TAG_TYPE","VARCHAR2"
"CLTB_EVENT_ENTRIES","EVENT_ENTRY_SR_NO","NUMBER"
"CLTB_EVENT_ENTRIES","REVERSED_ENTRY_NO","NUMBER"
"CLTB_EVENT_ENTRIES","BRANCH_CODE","VARCHAR2"
"CLTB_EVENT_ENTRIES","ACCOUNT_NUMBER","VARCHAR2"
"CLTB_EVENT_ENTRIES","EVENT_CODE","VARCHAR2"
"CLTB_EVENT_ENTRIES","VALUE_DATE","DATE"
"CLTB_EVENT_ENTRIES","AMOUNT","NUMBER"
"CLTB_EVENT_ENTRIES","AMOUNT_SETTLED","NUMBER"
"CLTB_EVENT_ENTRIES","AMOUNT_TAG","VARCHAR2"
"CLTB_EVENT_ENTRIES","CCY","VARCHAR2"
"CLTB_EVENT_ENTRIES","ENTRY_PASSED","VARCHAR2"
"CLTB_EVENT_ENTRIES","DRTRNREFNO","VARCHAR2"
"CLTB_EVENT_ENTRIES","CRTRNREFNO","VARCHAR2"
"CLTB_EVENT_ENTRIES","LCY_AMOUNT","NUMBER"
"CLTB_EVENT_ENTRIES","STTL_MODE","VARCHAR2"
"CLTB_EVENT_ENTRIES","STTL_PROD","VARCHAR2"
"CLTB_EVENT_ENTRIES","STTL_ACC","VARCHAR2"
"CLTB_EVENT_ENTRIES","STTL_CCY","VARCHAR2"
"CLTB_EVENT_ENTRIES","STTL_BRN","VARCHAR2"
"CLTB_EVENT_ENTRIES","STTL_DETAILS","VARCHAR2"
"CLTB_EVENT_ENTRIES","EVENT_SEQ_NO","NUMBER"
"CLTB_EVENT_ENTRIES","PROCESS_NO","NUMBER"
"CLTB_EVENT_ENTRIES","AMOUNT_EXP","NUMBER"
"CLTB_EVENT_ENTRIES","AMOUNT_ODUE","NUMBER"
"CLTB_EVENT_ENTRIES","INCR_DECR_FLAG","VARCHAR2"
"CLTB_EVENT_ENTRIES","LCY_UPDATED","VARCHAR2"
"CLTB_EVENT_ENTRIES","FROM_STATUS","VARCHAR2"
"CLTB_EVENT_ENTRIES","TO_STATUS","VARCHAR2"
"CLTB_EVENT_ENTRIES","SOURCE_CODE","VARCHAR2"
"CLTB_EVENT_ENTRIES","RELATED_CUSTOMER","VARCHAR2"
"CLTB_EVENT_ENTRIES","OLD_RELATED_CUSTOMER","VARCHAR2"
"CLTB_EVENT_ENTRIES","EXCH_RATE","NUMBER"
"CLTB_EVENT_ENTRIES","SCHEDULE_DUE_DATE","DATE"
"CLTB_EVENT_ENTRIES","COMPONENT_NAME","VARCHAR2"
"CLTB_EVENT_ENTRIES","DR_BRN","VARCHAR2"
"CLTB_EVENT_ENTRIES","DR_ACC","VARCHAR2"
"CLTB_EVENT_ENTRIES","DR_CCY","VARCHAR2"
"CLTB_EVENT_ENTRIES","DR_TRN_CODE","VARCHAR2"
"CLTB_EVENT_ENTRIES","DR_INSTRUMENT_CODE","VARCHAR2"
"CLTB_EVENT_ENTRIES","CR_BRN","VARCHAR2"
"CLTB_EVENT_ENTRIES","CR_ACC","VARCHAR2"
"CLTB_EVENT_ENTRIES","CR_CCY","VARCHAR2"
"CLTB_EVENT_ENTRIES","CR_TRN_CODE","VARCHAR2"
"CLTB_EVENT_ENTRIES","CR_INSTRUMENT_CODE","VARCHAR2"
"CLTB_EVENT_ENTRIES","STTL_REF_NO","VARCHAR2"
"CLTB_EVENT_ENTRIES","MODE_REF_NO","VARCHAR2"
"CLTB_ACCOUNT_PARTIES","ACCOUNT_NUMBER","VARCHAR2"
"CLTB_ACCOUNT_PARTIES","BRANCH_CODE","VARCHAR2"
"CLTB_ACCOUNT_PARTIES","CUSTOMER_ID","VARCHAR2"
"CLTB_ACCOUNT_PARTIES","CUSTOMER_NAME","VARCHAR2"
"CLTB_ACCOUNT_PARTIES","RESPONSIBILITY","VARCHAR2"
"CLTB_ACCOUNT_PARTIES","LIABILITY","NUMBER"
"CLTB_ACCOUNT_PARTIES","LIABILITY_AMT","NUMBER"
"CLTB_ACCOUNT_PARTIES","EFFECTIVE_DATE","DATE"
"STTM_CUST_ACCOUNT","INTERIM_REPORT_SINCE","VARCHAR2"
"STTM_CUST_ACCOUNT","INTERIM_REPORT_TYPE","VARCHAR2"
"STTM_CUST_ACCOUNT","BALANCE_REPORT_SINCE","VARCHAR2"
"STTM_CUST_ACCOUNT","BALANCE_REPORT_TYPE","VARCHAR2"
"STTM_CUST_ACCOUNT","INTERIM_DEBIT_AMT","NUMBER"
"STTM_CUST_ACCOUNT","INTERIM_CREDIT_AMT","NUMBER"
"STTM_CUST_ACCOUNT","INTERIM_STMT_DAY_COUNT","NUMBER"
"STTM_CUST_ACCOUNT","INTERIM_STMT_YTD_COUNT","NUMBER"
"STTM_CUST_ACCOUNT","MODE_OF_OPERATION","CHAR"
"STTM_CUST_ACCOUNT","INF_ACC_OPENING_AMT","NUMBER"
"STTM_CUST_ACCOUNT","INF_PAY_IN_OPTION","VARCHAR2"
"STTM_CUST_ACCOUNT","INF_OFFSET_BRANCH","VARCHAR2"
"STTM_CUST_ACCOUNT","INF_OFFSET_ACCOUNT","VARCHAR2"
"STTM_CUST_ACCOUNT","INF_WAIVE_ACC_OPEN_CHARGE","VARCHAR2"
"STTM_CUST_ACCOUNT","DAYLIGHT_LIMIT_AMOUNT","NUMBER"
"STTM_CUST_ACCOUNT","TRNOVER_LMT_CODE","VARCHAR2"
"STTM_CUST_ACCOUNT","PASSBOOK_NUMBER","NUMBER"
"STTM_CUST_ACCOUNT","COUNTRY_CODE","VARCHAR2"
"STTM_CUST_ACCOUNT","CONSOL_CHG_ACC","VARCHAR2"
"STTM_CUST_ACCOUNT","ESCROW_TRANSFER","CHAR"
"STTM_CUST_ACCOUNT","ESCROW_BRANCH_CODE","VARCHAR2"
"STTM_CUST_ACCOUNT","ESCROW_AC_NO","VARCHAR2"
"STTM_CUST_ACCOUNT","ESCROW_PERCENTAGE","NUMBER"
"STTM_CUST_ACCOUNT","SOD_NOTIFICATION_PERCENT","NUMBER"
"STTM_CUST_ACCOUNT","SALARY_ACCOUNT","VARCHAR2"
"STTM_CUST_ACCOUNT","REPL_CUST_SIG","CHAR"
"STTM_CUST_ACCOUNT","MAX_NO_CHEQUE_REJECTIONS","NUMBER"
"STTM_CUST_ACCOUNT","NO_CHEQUE_REJECTIONS","NUMBER"
"STTM_CUST_ACCOUNT","FUND_ID","VARCHAR2"
"STTM_CUST_ACCOUNT","LINKED_DEP_BRANCH","VARCHAR2"
"STTM_CUST_ACCOUNT","LINKED_DEP_ACC","VARCHAR2"
"STTM_CUST_ACCOUNT","MUDARABAH_ACCOUNTS","VARCHAR2"
"STTM_CUST_ACCOUNT","ZAKAT_EXEMPTION","VARCHAR2"
"STTM_CUST_ACCOUNT","ACCOUNT_AUTO_CLOSED","VARCHAR2"
"STTM_CUST_ACCOUNT","CONSOL_CHG_BRN","VARCHAR2"
"STTM_CUST_ACCOUNT","NO_OF_CHQ_REJ_RESET_ON","DATE"
"STTM_CUST_ACCOUNT","CRS_STAT_REQD","VARCHAR2"
"STTM_CUST_ACCOUNT","CONTRIBUTE_TO_PDM","CHAR"
"STTM_CUST_ACCOUNT","EXCLUDE_FROM_DISTRIBUTION","CHAR"
"STTM_CUST_ACCOUNT","AC_SET_CLOSE","CHAR"
"STTM_CUST_ACCOUNT","AC_SET_CLOSE_DATE","DATE"
"STTM_CUST_ACCOUNT","PROJECT_ACCOUNT","VARCHAR2"
"STTM_CUST_ACCOUNT","ACY_SWEEP_INELIGIBLE","NUMBER"
"STTM_CUST_ACCOUNT","MT110_RECON_REQD","VARCHAR2"
"STTM_CUST_ACCOUNT","SWEEP_REQUIRED","VARCHAR2"
"STTM_CUST_ACCOUNT","AUTO_DEPOSIT","VARCHAR2"
"STTM_CUST_ACCOUNT","SWEEP_OUT","VARCHAR2"
"STTM_CUST_ACCOUNT","AUTO_CREATE_POOL","VARCHAR2"
"STTM_CUST_ACCOUNT","LAST_PURGE_DATE","DATE"
"STTM_CUST_ACCOUNT","DEFAULT_WAIVER","VARCHAR2"
"STTM_CUST_ACCOUNT","AUTO_DC_REQUEST","CHAR"
"STTM_CUST_ACCOUNT","AUTO_CHQBK_REQUEST","CHAR"
"STTM_CUST_ACCOUNT","NSF_BLACKLIST_STATUS","CHAR"
"STTM_CUST_ACCOUNT","NSF_AUTO_UPDATE","VARCHAR2"
"STTM_CUST_ACCOUNT","INTERMEDIARY_REQUIRED","VARCHAR2"
"STTM_CUST_ACCOUNT","SPEND_ANALYSIS_REQD","VARCHAR2"
"STTM_CUST_ACCOUNT","ORG_FUNC_ID","VARCHAR2"
"STTM_CUST_ACCOUNT","PINCODE","VARCHAR2"
"STTM_CUST_ACCOUNT","LAST_CCY_CONV_DATE","DATE"
"STTM_CUST_ACCOUNT","ADDRESS1","VARCHAR2"
"STTM_CUST_ACCOUNT","ADDRESS2","VARCHAR2"
"STTM_CUST_ACCOUNT","ADDRESS3","VARCHAR2"
"STTM_CUST_ACCOUNT","ADDRESS4","VARCHAR2"
"STTM_CUST_ACCOUNT","TYPE_OF_CHQ","VARCHAR2"
"STTM_CUST_ACCOUNT","ATM_CUST_AC_NO","VARCHAR2"
"STTM_CUST_ACCOUNT","ATM_DLY_AMT_LIMIT","NUMBER"
"STTM_CUST_ACCOUNT","ATM_DLY_COUNT_LIMIT","NUMBER"
"STTM_CUST_ACCOUNT","GEN_STMT_ONLY_ON_MVMT","CHAR"
"STTM_CUST_ACCOUNT","AC_STAT_DE_POST","CHAR"
"STTM_CUST_ACCOUNT","DISPLAY_IBAN_IN_ADVICES","VARCHAR2"
"STTM_CUST_ACCOUNT","CLEARING_BANK_CODE","VARCHAR2"
"STTM_CUST_ACCOUNT","CLEARING_AC_NO","VARCHAR2"
"STTM_CUST_ACCOUNT","IBAN_AC_NO","VARCHAR2"
"STTM_CUST_ACCOUNT","REG_CC_AVAILABILITY","VARCHAR2"
"STTM_CUST_ACCOUNT","REG_CC_AVAILABLE_FUNDS","NUMBER"
"STTM_CUST_ACCOUNT","PREV_AC_SRNO_PRINTED_IN_PBK","NUMBER"
"STTM_CUST_ACCOUNT","LATEST_SRNO_SUBMITTED","NUMBER"
"STTM_CUST_ACCOUNT","PREV_RUNBAL_PRINTED_IN_PBK","NUMBER"
"STTM_CUST_ACCOUNT","LATEST_RUNBAL_SUBMMITED","NUMBER"
"STTM_CUST_ACCOUNT","PREV_PAGE_NO","NUMBER"
"STTM_CUST_ACCOUNT","PREV_LINE_NO","NUMBER"
"STTM_CUST_ACCOUNT","MT210_REQD","VARCHAR2"
"STTM_CUST_ACCOUNT","ACC_STMT_TYPE2","CHAR"
"STTM_CUST_ACCOUNT","ACC_STMT_DAY2","NUMBER"
"STTM_CUST_ACCOUNT","AC_STMT_CYCLE2","CHAR"
"STTM_CUST_ACCOUNT","PREVIOUS_STATEMENT_DATE2","DATE"
"STTM_CUST_ACCOUNT","PREVIOUS_STATEMENT_BALANCE2","NUMBER"
"STTM_CUST_ACCOUNT","PREVIOUS_STATEMENT_NO2","NUMBER"
"STTM_CUST_ACCOUNT","GEN_STMT_ONLY_ON_MVMT2","CHAR"
"STTM_CUST_ACCOUNT","ACC_STMT_TYPE3","CHAR"
"STTM_CUST_ACCOUNT","ACC_STMT_DAY3","NUMBER"
"STTM_CUST_ACCOUNT","AC_STMT_CYCLE3","CHAR"
"STTM_CUST_ACCOUNT","PREVIOUS_STATEMENT_DATE3","DATE"
"STTM_CUST_ACCOUNT","PREVIOUS_STATEMENT_BALANCE3","NUMBER"
"STTM_CUST_ACCOUNT","PREVIOUS_STATEMENT_NO3","NUMBER"
"STTM_CUST_ACCOUNT","GEN_STMT_ONLY_ON_MVMT3","CHAR"
"STTM_CUST_ACCOUNT","SWEEP_TYPE","NUMBER"
"STTM_CUST_ACCOUNT","MASTER_ACCOUNT_NO","VARCHAR2"
"STTM_CUST_ACCOUNT","AUTO_DEPOSITS_BAL","NUMBER"
"STTM_CUST_ACCOUNT","CAS_CUSTOMER","VARCHAR2"
"STTM_CUST_ACCOUNT","ACCOUNT_TYPE","VARCHAR2"
"STTM_CUST_ACCOUNT","MIN_REQD_BAL","NUMBER"
"STTM_CUST_ACCOUNT","POSITIVE_PAY_AC","CHAR"
"STTM_CUST_ACCOUNT","STALE_DAYS","NUMBER"
"STTM_CUST_ACCOUNT","CR_AUTO_EX_RATE_LMT","NUMBER"
"STTM_CUST_ACCOUNT","DR_AUTO_EX_RATE_LMT","NUMBER"
"STTM_CUST_ACCOUNT","TRACK_RECEIVABLE","VARCHAR2"
"STTM_CUST_ACCOUNT","RECEIVABLE_AMOUNT","NUMBER"
"STTM_CUST_ACCOUNT","PRODUCT_LIST","VARCHAR2"
"STTM_CUST_ACCOUNT","TXN_CODE_LIST","VARCHAR2"
"STTM_CUST_ACCOUNT","SPECIAL_CONDITION_PRODUCT","VARCHAR2"
"STTM_CUST_ACCOUNT","SPECIAL_CONDITION_TXNCODE","VARCHAR2"
"STTM_CUST_ACCOUNT","REG_D_APPLICABLE","CHAR"
"STTM_CUST_ACCOUNT","REGD_PERIODICITY","VARCHAR2"
"STTM_CUST_ACCOUNT","REGD_START_DATE","DATE"
"STTM_CUST_ACCOUNT","REGD_END_DATE","DATE"
"STTM_CUST_ACCOUNT","TD_CERT_PRINTED","CHAR"
"STTM_CUST_ACCOUNT","CHECKBOOK_NAME_1","VARCHAR2"
"STTM_CUST_ACCOUNT","CHECKBOOK_NAME_2","VARCHAR2"
"STTM_CUST_ACCOUNT","AUTO_REORDER_CHECK_REQUIRED","CHAR"
"STTM_CUST_ACCOUNT","AUTO_REORDER_CHECK_LEVEL","NUMBER"
"STTM_CUST_ACCOUNT","AUTO_REORDER_CHECK_LEAVES","NUMBER"
"STTM_CUST_ACCOUNT","NETTING_REQUIRED","VARCHAR2"
"STTM_CUST_ACCOUNT","REFERRAL_REQUIRED","VARCHAR2"
"STTM_CUST_ACCOUNT","LODGEMENT_BOOK_FACILITY","VARCHAR2"
"STTM_CUST_ACCOUNT","ACC_STATUS","VARCHAR2"
"STTM_CUST_ACCOUNT","STATUS_SINCE","DATE"
"STTM_CUST_ACCOUNT","INHERIT_REPORTING","VARCHAR2"
"STTM_CUST_ACCOUNT","OVERDRAFT_SINCE","DATE"
"STTM_CUST_ACCOUNT","PREV_OVD_DATE","DATE"
"STTM_CUST_ACCOUNT","STATUS_CHANGE_AUTOMATIC","VARCHAR2"
"STTM_CUST_ACCOUNT","OVERLINE_OD_SINCE","DATE"
"STTM_CUST_ACCOUNT","TOD_SINCE","DATE"
"STTM_CUST_ACCOUNT","PREV_TOD_SINCE","DATE"
"STTM_CUST_ACCOUNT","DORMANT_PARAM","VARCHAR2"
"STTM_CUST_ACCOUNT","DR_INT_DUE","NUMBER"
"STTM_CUST_ACCOUNT","EXCL_SAMEDAY_RVRTRNS_FM_STMT","VARCHAR2"
"STTM_CUST_ACCOUNT","ALLOW_BACK_PERIOD_ENTRY","CHAR"
"STTM_CUST_ACCOUNT","AUTO_PROV_REQD","VARCHAR2"
"STTM_CUST_ACCOUNT","EXPOSURE_CATEGORY","VARCHAR2"
"STTM_CUST_ACCOUNT","RISK_FREE_EXP_AMOUNT","NUMBER"
"STTM_CUST_ACCOUNT","PROVISION_AMOUNT","NUMBER"
"STTM_CUST_ACCOUNT","CREDIT_TXN_LIMIT","NUMBER"
"STTM_CUST_ACCOUNT","CR_LM_START_DATE","DATE"
"STTM_CUST_ACCOUNT","CR_LM_REV_DATE","DATE"
"STTM_CUST_ACCOUNT","STATEMENT_ACCOUNT","VARCHAR2"
"STTM_CUST_ACCOUNT","ACCOUNT_DERIVED_STATUS","VARCHAR2"
"STTM_CUST_ACCOUNT","PROV_CCY_TYPE","VARCHAR2"
"STTM_CUST_ACCOUNT","CHG_DUE","NUMBER"
"STTM_CUST_ACCOUNT","WITHDRAWABLE_UNCOLLED_FUND","NUMBER"
"STTM_CUST_ACCOUNT","DEFER_RECON","VARCHAR2"
"STTM_CUST_ACCOUNT","CONSOLIDATION_REQD","VARCHAR2"
"STTM_CUST_ACCOUNT","FUNDING","VARCHAR2"
"STTM_CUST_ACCOUNT","FUNDING_BRANCH","VARCHAR2"
"STTM_CUST_ACCOUNT","FUNDING_ACCOUNT","VARCHAR2"
"STTM_CUST_ACCOUNT","MOD9_VALIDATION_REQD","VARCHAR2"
"STTM_CUST_ACCOUNT","VALIDATION_DIGIT","NUMBER"
"STTM_CUST_ACCOUNT","LOCATION","VARCHAR2"
"STTM_CUST_ACCOUNT","MEDIA","VARCHAR2"
"STTM_CUST_ACCOUNT","ACC_TANKED_STAT","VARCHAR2"
"STTM_CUST_ACCOUNT","GEN_INTERIM_STMT","VARCHAR2"
"STTM_CUST_ACCOUNT","GEN_INTERIM_STMT_ON_MVMT","VARCHAR2"
"STTM_CUST_ACCOUNT","GEN_BALANCE_REPORT","VARCHAR2"
"STTM_CUST_ACCOUNT","BRANCH_CODE","VARCHAR2"
"STTM_CUST_ACCOUNT","CUST_AC_NO","VARCHAR2"
"STTM_CUST_ACCOUNT","AC_DESC","VARCHAR2"
"STTM_CUST_ACCOUNT","CUST_NO","VARCHAR2"
"STTM_CUST_ACCOUNT","CCY","VARCHAR2"
"STTM_CUST_ACCOUNT","ACCOUNT_CLASS","VARCHAR2"
"STTM_CUST_ACCOUNT","AC_STAT_NO_DR","CHAR"
"STTM_CUST_ACCOUNT","AC_STAT_NO_CR","CHAR"
"STTM_CUST_ACCOUNT","AC_STAT_BLOCK","CHAR"
"STTM_CUST_ACCOUNT","AC_STAT_STOP_PAY","CHAR"
"STTM_CUST_ACCOUNT","AC_STAT_DORMANT","CHAR"
"STTM_CUST_ACCOUNT","JOINT_AC_INDICATOR","CHAR"
"STTM_CUST_ACCOUNT","AC_OPEN_DATE","DATE"
"STTM_CUST_ACCOUNT","AC_STMT_DAY","NUMBER"
"STTM_CUST_ACCOUNT","AC_STMT_CYCLE","CHAR"
"STTM_CUST_ACCOUNT","ALT_AC_NO","VARCHAR2"
"STTM_CUST_ACCOUNT","CHEQUE_BOOK_FACILITY","CHAR"
"STTM_CUST_ACCOUNT","ATM_FACILITY","CHAR"
"STTM_CUST_ACCOUNT","PASSBOOK_FACILITY","CHAR"
"STTM_CUST_ACCOUNT","AC_STMT_TYPE","CHAR"
"STTM_CUST_ACCOUNT","DR_HO_LINE","VARCHAR2"
"STTM_CUST_ACCOUNT","CR_HO_LINE","VARCHAR2"
"STTM_CUST_ACCOUNT","CR_CB_LINE","VARCHAR2"
"STTM_CUST_ACCOUNT","DR_CB_LINE","VARCHAR2"
"STTM_CUST_ACCOUNT","SUBLIMIT","NUMBER"
"STTM_CUST_ACCOUNT","UNCOLL_FUNDS_LIMIT","NUMBER"
"STTM_CUST_ACCOUNT","AC_STAT_FROZEN","CHAR"
"STTM_CUST_ACCOUNT","PREVIOUS_STATEMENT_DATE","DATE"
"STTM_CUST_ACCOUNT","PREVIOUS_STATEMENT_BALANCE","NUMBER"
"STTM_CUST_ACCOUNT","PREVIOUS_STATEMENT_NO","NUMBER"
"STTM_CUST_ACCOUNT","TOD_LIMIT_START_DATE","DATE"
"STTM_CUST_ACCOUNT","TOD_LIMIT_END_DATE","DATE"
"STTM_CUST_ACCOUNT","TOD_LIMIT","NUMBER"
"STTM_CUST_ACCOUNT","NOMINEE1","VARCHAR2"
"STTM_CUST_ACCOUNT","NOMINEE2","VARCHAR2"
"STTM_CUST_ACCOUNT","DR_GL","VARCHAR2"
"STTM_CUST_ACCOUNT","CR_GL","VARCHAR2"
"STTM_CUST_ACCOUNT","RECORD_STAT","CHAR"
"STTM_CUST_ACCOUNT","AUTH_STAT","CHAR"
"STTM_CUST_ACCOUNT","MOD_NO","NUMBER"
"STTM_CUST_ACCOUNT","MAKER_ID","VARCHAR2"
"STTM_CUST_ACCOUNT","MAKER_DT_STAMP","DATE"
"STTM_CUST_ACCOUNT","CHECKER_ID","VARCHAR2"
"STTM_CUST_ACCOUNT","CHECKER_DT_STAMP","DATE"
"STTM_CUST_ACCOUNT","ONCE_AUTH","CHAR"
"STTM_CUST_ACCOUNT","LIMIT_CCY","VARCHAR2"
"STTM_CUST_ACCOUNT","LINE_ID","CHAR"
"STTM_CUST_ACCOUNT","OFFLINE_LIMIT","NUMBER"
"STTM_CUST_ACCOUNT","CAS_ACCOUNT","CHAR"
"STTM_CUST_ACCOUNT","ACY_OPENING_BAL","NUMBER"
"STTM_CUST_ACCOUNT","LCY_OPENING_BAL","NUMBER"
"STTM_CUST_ACCOUNT","ACY_TODAY_TOVER_DR","NUMBER"
"STTM_CUST_ACCOUNT","LCY_TODAY_TOVER_DR","NUMBER"
"STTM_CUST_ACCOUNT","ACY_TODAY_TOVER_CR","NUMBER"
"STTM_CUST_ACCOUNT","LCY_TODAY_TOVER_CR","NUMBER"
"STTM_CUST_ACCOUNT","ACY_TANK_CR","NUMBER"
"STTM_CUST_ACCOUNT","ACY_TANK_DR","NUMBER"
"STTM_CUST_ACCOUNT","LCY_TANK_CR","NUMBER"
"STTM_CUST_ACCOUNT","LCY_TANK_DR","NUMBER"
"STTM_CUST_ACCOUNT","ACY_TOVER_CR","NUMBER"
"STTM_CUST_ACCOUNT","LCY_TOVER_CR","NUMBER"
"STTM_CUST_ACCOUNT","ACY_TANK_UNCOLLECTED","NUMBER"
"STTM_CUST_ACCOUNT","ACY_CURR_BALANCE","NUMBER"
"STTM_CUST_ACCOUNT","LCY_CURR_BALANCE","NUMBER"
"STTM_CUST_ACCOUNT","ACY_BLOCKED_AMOUNT","NUMBER"
"STTM_CUST_ACCOUNT","ACY_AVL_BAL","NUMBER"
"STTM_CUST_ACCOUNT","ACY_UNAUTH_DR","NUMBER"
"STTM_CUST_ACCOUNT","ACY_UNAUTH_TANK_DR","NUMBER"
"STTM_CUST_ACCOUNT","ACY_UNAUTH_CR","NUMBER"
"STTM_CUST_ACCOUNT","ACY_UNAUTH_TANK_CR","NUMBER"
"STTM_CUST_ACCOUNT","ACY_UNAUTH_UNCOLLECTED","NUMBER"
"STTM_CUST_ACCOUNT","ACY_UNAUTH_TANK_UNCOLLECTED","NUMBER"
"STTM_CUST_ACCOUNT","ACY_MTD_TOVER_DR","NUMBER"
"STTM_CUST_ACCOUNT","LCY_MTD_TOVER_DR","NUMBER"
"STTM_CUST_ACCOUNT","ACY_MTD_TOVER_CR","NUMBER"
"STTM_CUST_ACCOUNT","LCY_MTD_TOVER_CR","NUMBER"
"STTM_CUST_ACCOUNT","ACY_ACCRUED_DR_IC","NUMBER"
"STTM_CUST_ACCOUNT","ACY_ACCRUED_CR_IC","NUMBER"
"STTM_CUST_ACCOUNT","DATE_LAST_CR_ACTIVITY","DATE"
"STTM_CUST_ACCOUNT","DATE_LAST_DR_ACTIVITY","DATE"
"STTM_CUST_ACCOUNT","DATE_LAST_DR","DATE"
"STTM_CUST_ACCOUNT","DATE_LAST_CR","DATE"
"STTM_CUST_ACCOUNT","ACY_UNCOLLECTED","NUMBER"
"STTM_CUST_ACCOUNT","TOD_START_DATE","DATE"
"STTM_CUST_ACCOUNT","TOD_END_DATE","DATE"
"STTM_CUST_ACCOUNT","DORMANCY_DATE","DATE"
"STTM_CUST_ACCOUNT","DORMANCY_DAYS","NUMBER"
"STTM_CUST_ACCOUNT","HAS_TOV","CHAR"
"CLTB_LIQ","ACCOUNT_NUMBER","VARCHAR2"
"CLTB_LIQ","BRANCH_CODE","VARCHAR2"
"CLTB_LIQ","EVENT_SEQ_NO","NUMBER"
"CLTB_LIQ","VALUE_DATE","DATE"
"CLTB_LIQ","EXECUTION_DATE","DATE"
"CLTB_LIQ","PAYMENT_STATUS","VARCHAR2"
"CLTB_LIQ","AUTH_STAT","VARCHAR2"
"CLTB_LIQ","MAKER_ID","VARCHAR2"
"CLTB_LIQ","MAKER_DT_STAMP","DATE"
"CLTB_LIQ","CHECKER_ID","VARCHAR2"
"CLTB_LIQ","CHECKER_DT_STAMP","DATE"
"CLTB_LIQ","REV_MAKER_ID","VARCHAR2"
"CLTB_LIQ","REV_MAKER_DT_STAMP","DATE"
"CLTB_LIQ","REV_CHECKER_ID","VARCHAR2"
"CLTB_LIQ","REV_CHECKER_DT_STAMP","DATE"
"CLTB_LIQ","REVP_ESN","NUMBER"
"CLTB_LIQ","MLIQ_ESN","NUMBER"
"CLTB_LIQ","PROCESS_NO","NUMBER"
"CLTB_LIQ","PREPMNT_RECOMP_BASIS","VARCHAR2"
"CLTB_LIQ","PREPMNT_RECOMP_FROM","VARCHAR2"
"CLTB_LIQ","INSTALLMENT_PAYMENT","VARCHAR2"
"CLTB_LIQ","LIMIT_DATE","DATE"
"CLTB_LIQ","SIMULATED","VARCHAR2"
"CLTB_LIQ","BULK_PAYMENT_REF_NO","VARCHAR2"
"CLTB_LIQ","COLLECTION_AGENT","VARCHAR2"
"CLTB_LIQ","AMOUNT_EXCESS","NUMBER"
"CLTB_LIQ","CLOSE_RVLNG_LOAN","VARCHAR2"
"CLTB_LIQ","NEW_MATURITY_DATE","DATE"
"CLTB_LIQ","NEXT_SCHEDULE_DATE","DATE"
"CLTB_LIQ","GROSS_PROFIT","NUMBER"
"CLTB_LIQ","EXCESS_PROFIT","NUMBER"
"CLTB_LIQ","CUST_INCENTIVE","NUMBER"
"CLTB_LIQ","BANKS_ADD_PROFIT","NUMBER"
"CLTB_LIQ","ASSET_CLOSURE","VARCHAR2"
"CLTB_LIQ","PREPMNT_RECOMP_BASIS_SIMPLE","VARCHAR2"
"CLTB_LIQ","UIDB_REBATE","NUMBER"
"CLTB_ACCOUNT_EVENTS_DIARY","ACCOUNT_NUMBER","VARCHAR2"
"CLTB_ACCOUNT_EVENTS_DIARY","BRANCH_CODE","VARCHAR2"
"CLTB_ACCOUNT_EVENTS_DIARY","COMPONENT_NAME","VARCHAR2"
"CLTB_ACCOUNT_EVENTS_DIARY","EVENT_CODE","VARCHAR2"
"CLTB_ACCOUNT_EVENTS_DIARY","EXECUTION_DATE","DATE"
"CLTB_ACCOUNT_EVENTS_DIARY","EXECUTION_STATUS","VARCHAR2"
"CLTB_ACCOUNT_EVENTS_DIARY","MAKER_ID","VARCHAR2"
"CLTB_ACCOUNT_EVENTS_DIARY","MAKER_DT_STAMP","DATE"
"CLTB_ACCOUNT_EVENTS_DIARY","CHECKER_ID","VARCHAR2"
"CLTB_ACCOUNT_EVENTS_DIARY","CHECKER_DT_STAMP","DATE"
"CLTB_ACCOUNT_EVENTS_DIARY","EVENT_SEQ_NO","NUMBER"
"CLTB_ACCOUNT_EVENTS_DIARY","EVENT_DATE","DATE"
"CLTB_ACCOUNT_EVENTS_DIARY","CONTRACT_STATUS","VARCHAR2"
"CLTB_ACCOUNT_EVENTS_DIARY","AUTH_STATUS","VARCHAR2"
"CLTB_ACCOUNT_EVENTS_DIARY","PROCESS_NO","NUMBER"
"CLTB_ACCOUNT_EVENTS_DIARY","VERSION_NO","NUMBER"
"CLTB_ACCOUNT_EVENTS_DIARY","INTERFACE_ID","VARCHAR2"
"CLTB_ACCOUNT_EVENTS_DIARY","CUTOFF_STATUS","VARCHAR2"
"CLTB_ACCOUNT_EVENTS_DIARY","CUTOFF_ESN","NUMBER"
"CLTB_ACCOUNT_EVENTS_DIARY","LAST_ACCR_DT","DATE"
"CLTB_ACCOUNT_EVENTS_DIARY","EVENT_BRANCH","VARCHAR2"
"CLTB_AMOUNT_PAID","ACCOUNT_NUMBER","VARCHAR2"
"CLTB_AMOUNT_PAID","BRANCH_CODE","VARCHAR2"
"CLTB_AMOUNT_PAID","COMPONENT_NAME","VARCHAR2"
"CLTB_AMOUNT_PAID","DUE_DATE","DATE"
"CLTB_AMOUNT_PAID","PAID_DATE","DATE"
"CLTB_AMOUNT_PAID","EVENT_SEQ_NO","NUMBER"
"CLTB_AMOUNT_PAID","AMOUNT_PAID","NUMBER"
"CLTB_AMOUNT_PAID","AMOUNT_WAIVED","NUMBER"
"CLTB_AMOUNT_PAID","AMOUNT_CAPITALIZED","NUMBER"
"CLTB_AMOUNT_PAID","EXEC_DATE","DATE"
"CLTB_AMOUNT_PAID","PAID_STATUS","VARCHAR2"
"CLTB_AMOUNT_PAID","START_DATE","DATE"
"CLTB_EVENT_REMARKS","ACCOUNT_NUMBER","VARCHAR2"
"CLTB_EVENT_REMARKS","BRANCH_CODE","VARCHAR2"
"CLTB_EVENT_REMARKS","ESN","NUMBER"
"CLTB_EVENT_REMARKS","REMARK1","VARCHAR2"
"CLTB_EVENT_REMARKS","REMARK2","VARCHAR2"
"CLTB_EVENT_REMARKS","REMARK3","VARCHAR2"
"CLTB_EVENT_REMARKS","REMARK4","VARCHAR2"
"CLTB_EVENT_REMARKS","REMARK5","VARCHAR2"
"CLTB_EVENT_REMARKS","REMARK6","VARCHAR2"
"CLTB_EVENT_REMARKS","REMARK7","VARCHAR2"
"CLTB_EVENT_REMARKS","REMARK8","VARCHAR2"
"CLTB_EVENT_REMARKS","REMARK9","VARCHAR2"
"CLTB_EVENT_REMARKS","REMARK10","VARCHAR2"
"CLTB_EVENT_REMARKS","REMARK11","VARCHAR2"
"CLTB_ACCOUNT_EVENTS_ADVICES","ACCOUNT_NUMBER","VARCHAR2"
"CLTB_ACCOUNT_EVENTS_ADVICES","BRANCH_CODE","VARCHAR2"
"CLTB_ACCOUNT_EVENTS_ADVICES","EVENT_CODE","VARCHAR2"
"CLTB_ACCOUNT_EVENTS_ADVICES","EVENT_SEQ_NO","NUMBER"
"CLTB_ACCOUNT_EVENTS_ADVICES","MSG_TYPE","VARCHAR2"
"CLTB_ACCOUNT_EVENTS_ADVICES","DCN","VARCHAR2"
"CLTB_ACCOUNT_EVENTS_ADVICES","SUPPRESS","VARCHAR2"
"CLTB_ACCOUNT_EVENTS_ADVICES","PRIORITY","NUMBER"
"CLTB_ACCOUNT_EVENTS_ADVICES","FORMAT","VARCHAR2"
"CLTB_ACCOUNT_EVENTS_ADVICES","GENERATION_TIME","VARCHAR2"
"CLTB_AMOUNT_RECD","ACCOUNT_NUMBER","VARCHAR2"
"CLTB_AMOUNT_RECD","BRANCH_CODE","VARCHAR2"
"CLTB_AMOUNT_RECD","COMPONENT_NAME","VARCHAR2"
"CLTB_AMOUNT_RECD","RECD_DATE","DATE"
"CLTB_AMOUNT_RECD","BOOK_DATE","DATE"
"CLTB_AMOUNT_RECD","EVENT_SEQ_NO","NUMBER"
"CLTB_AMOUNT_RECD","RECD_TYPE","VARCHAR2"
"CLTB_AMOUNT_RECD","AMOUNT_RECD","NUMBER"
"CLTB_ACCOUNT_APPS_MASTER","INDEX_XRATE","NUMBER"
"CLTB_ACCOUNT_APPS_MASTER","DR_PAYMENT_MODE","VARCHAR2"
"CLTB_ACCOUNT_APPS_MASTER","CR_PAYMENT_MODE","VARCHAR2"
"CLTB_ACCOUNT_APPS_MASTER","DR_PROD_AC","VARCHAR2"
"CLTB_ACCOUNT_APPS_MASTER","CR_PROD_AC","VARCHAR2"
"CLTB_ACCOUNT_APPS_MASTER","DR_ACC_BRN","VARCHAR2"
"CLTB_ACCOUNT_APPS_MASTER","CR_ACC_BRN","VARCHAR2"
"CLTB_ACCOUNT_APPS_MASTER","EXT_ACC_NO_CR","VARCHAR2"
"CLTB_ACCOUNT_APPS_MASTER","EXT_ACC_NAME_CR","VARCHAR2"
"CLTB_ACCOUNT_APPS_MASTER","CLG_BANK_CODE_CR","VARCHAR2"
"CLTB_ACCOUNT_APPS_MASTER","CLG_BRN_CODE_CR","VARCHAR2"
"CLTB_ACCOUNT_APPS_MASTER","PC_CAT_CR","VARCHAR2"
"CLTB_ACCOUNT_APPS_MASTER","EXT_ACC_NO_DR","VARCHAR2"
"CLTB_ACCOUNT_APPS_MASTER","EXT_ACC_NAME_DR","VARCHAR2"
"CLTB_ACCOUNT_APPS_MASTER","CLG_BANK_CODE_DR","VARCHAR2"
"CLTB_ACCOUNT_APPS_MASTER","CLG_BRN_CODE_DR","VARCHAR2"
"CLTB_ACCOUNT_APPS_MASTER","PC_CAT_DR","VARCHAR2"
"CLTB_ACCOUNT_APPS_MASTER","CARD_NO","VARCHAR2"
"CLTB_ACCOUNT_APPS_MASTER","INSTRUMENT_NO_CR","VARCHAR2"
"CLTB_ACCOUNT_APPS_MASTER","ROUTING_NO_CR","VARCHAR2"
"CLTB_ACCOUNT_APPS_MASTER","END_POINT_CR","VARCHAR2"
"CLTB_ACCOUNT_APPS_MASTER","CLG_PROD_CODE_CR","VARCHAR2"
"CLTB_ACCOUNT_APPS_MASTER","SECTOR_CODE_CR","VARCHAR2"
"CLTB_ACCOUNT_APPS_MASTER","INSTRUMENT_NO_DR","VARCHAR2"
"CLTB_ACCOUNT_APPS_MASTER","ROUTING_NO_DR","VARCHAR2"
"CLTB_ACCOUNT_APPS_MASTER","END_POINT_DR","VARCHAR2"
"CLTB_ACCOUNT_APPS_MASTER","CLG_PROD_CODE_DR","VARCHAR2"
"CLTB_ACCOUNT_APPS_MASTER","SECTOR_CODE_DR","VARCHAR2"
"CLTB_ACCOUNT_APPS_MASTER","UPLOAD_SOURCE_DR","VARCHAR2"
"CLTB_ACCOUNT_APPS_MASTER","UPLOAD_SOURCE_CR","VARCHAR2"
"CLTB_ACCOUNT_APPS_MASTER","EMI_AMOUNT","NUMBER"
"CLTB_ACCOUNT_APPS_MASTER","CUTOFF_TRANSACTION","VARCHAR2"
"CLTB_ACCOUNT_APPS_MASTER","DELINQUENCY_STATUS","VARCHAR2"
"CLTB_ACCOUNT_APPS_MASTER","EXECUTION_DATE","DATE"
"CLTB_ACCOUNT_APPS_MASTER","MIGRATION_DATE","DATE"
"CLTB_ACCOUNT_APPS_MASTER","USGT_STATUS","VARCHAR2"
"CLTB_ACCOUNT_APPS_MASTER","LAST_INTRADAY_ACCR_DT","DATE"
"CLTB_ACCOUNT_APPS_MASTER","GIRO_MODE_DR","VARCHAR2"
"CLTB_ACCOUNT_APPS_MASTER","GIRO_SERVICE_DR","VARCHAR2"
"CLTB_ACCOUNT_APPS_MASTER","GIRO_NUMBER_DR","VARCHAR2"
"CLTB_ACCOUNT_APPS_MASTER","PAYER_ACC_NO_DR","VARCHAR2"
"CLTB_ACCOUNT_APPS_MASTER","PAYER_BANK_CODE_DR","VARCHAR2"
"CLTB_ACCOUNT_APPS_MASTER","PAYER_BRANCH_DR","VARCHAR2"
"CLTB_ACCOUNT_APPS_MASTER","PAYER_ADDRESS1_DR","VARCHAR2"
"CLTB_ACCOUNT_APPS_MASTER","PAYER_ADDRESS2_DR","VARCHAR2"
"CLTB_ACCOUNT_APPS_MASTER","PAYER_ADDRESS3_DR","VARCHAR2"
"CLTB_ACCOUNT_APPS_MASTER","PAYER_ADDRESS4_DR","VARCHAR2"
"CLTB_ACCOUNT_APPS_MASTER","GIRO_MODE_CR","VARCHAR2"
"CLTB_ACCOUNT_APPS_MASTER","GIRO_SERVICE_CR","VARCHAR2"
"CLTB_ACCOUNT_APPS_MASTER","GIRO_NUMBER_CR","VARCHAR2"
"CLTB_ACCOUNT_APPS_MASTER","PAYER_ACC_NO_CR","VARCHAR2"
"CLTB_ACCOUNT_APPS_MASTER","PAYER_BANK_CODE_CR","VARCHAR2"
"CLTB_ACCOUNT_APPS_MASTER","PAYER_BRANCH_CR","VARCHAR2"
"CLTB_ACCOUNT_APPS_MASTER","PAYER_ADDRESS1_CR","VARCHAR2"
"CLTB_ACCOUNT_APPS_MASTER","PAYER_ADDRESS2_CR","VARCHAR2"
"CLTB_ACCOUNT_APPS_MASTER","PAYER_ADDRESS3_CR","VARCHAR2"
"CLTB_ACCOUNT_APPS_MASTER","PAYER_ADDRESS4_CR","VARCHAR2"
"CLTB_ACCOUNT_APPS_MASTER","DUE_DATES_ON","NUMBER"
"CLTB_ACCOUNT_APPS_MASTER","USER_REF_NO","VARCHAR2"
"CLTB_ACCOUNT_APPS_MASTER","BILL_REF_NO","VARCHAR2"
"CLTB_ACCOUNT_APPS_MASTER","ROLLOVER_ALLOWED","VARCHAR2"
"CLTB_ACCOUNT_APPS_MASTER","AMT_AVAILABLE","NUMBER"
"CLTB_ACCOUNT_APPS_MASTER","COMMITMENT_TYPE","VARCHAR2"
"CLTB_ACCOUNT_APPS_MASTER","LOAN_TYPE","VARCHAR2"
"CLTB_ACCOUNT_APPS_MASTER","MODULE_CODE","VARCHAR2"
"CLTB_ACCOUNT_APPS_MASTER","LINE_ID","VARCHAR2"
"CLTB_ACCOUNT_APPS_MASTER","PACKING_CREDIT","VARCHAR2"
"CLTB_ACCOUNT_APPS_MASTER","RESIDUAL_VALUE_BASIS","VARCHAR2"
"CLTB_ACCOUNT_APPS_MASTER","RESIDUAL_VALUE","NUMBER"
"CLTB_ACCOUNT_APPS_MASTER","RESIDUAL_AUTO_LIQD","VARCHAR2"
"CLTB_ACCOUNT_APPS_MASTER","LEASE_TYPE","VARCHAR2"
"CLTB_ACCOUNT_APPS_MASTER","LEASE_PAYMENT_MODE","VARCHAR2"
"CLTB_ACCOUNT_APPS_MASTER","SUBSIDY_CUSTOMER_ID","VARCHAR2"
"CLTB_ACCOUNT_APPS_MASTER","INTEREST_SUBSIDY_ALLOWED","VARCHAR2"
"CLTB_ACCOUNT_APPS_MASTER","RESIDUAL_SUBSIDY_ALLOWED","VARCHAR2"
"CLTB_ACCOUNT_APPS_MASTER","RESIDUAL_SUBSIDY_VALUE","NUMBER"
"CLTB_ACCOUNT_APPS_MASTER","SUPPLIER_ID","VARCHAR2"
"CLTB_ACCOUNT_APPS_MASTER","FA_ASSET_REF_NO","VARCHAR2"
"CLTB_ACCOUNT_APPS_MASTER","INSURANCE_COMP_CODE","VARCHAR2"
"CLTB_ACCOUNT_APPS_MASTER","DERIVED_STATUS","VARCHAR2"
"CLTB_ACCOUNT_APPS_MASTER","ALLOW_BULK_PAYMNET","VARCHAR2"
"CLTB_ACCOUNT_APPS_MASTER","LOAN_TO_VALUE","NUMBER"
"CLTB_ACCOUNT_APPS_MASTER","STOP_DSBR","VARCHAR2"
"CLTB_ACCOUNT_APPS_MASTER","MORTGAGE_GROUP","VARCHAR2"
"CLTB_ACCOUNT_APPS_MASTER","LEASE_EXTEND_BY","NUMBER"
"CLTB_ACCOUNT_APPS_MASTER","INTERMEDIARY_INITIATED","VARCHAR2"
"CLTB_ACCOUNT_APPS_MASTER","INTERMEDIARY_CODE","VARCHAR2"
"CLTB_ACCOUNT_APPS_MASTER","NOTARY_AUTO_CONFIRMED","VARCHAR2"
"CLTB_ACCOUNT_APPS_MASTER","RECALC_ANNUITY","VARCHAR2"
"CLTB_ACCOUNT_APPS_MASTER","LOAN_STMT_REQD","VARCHAR2"
"CLTB_ACCOUNT_APPS_MASTER","SUBSYSTEMSTAT","VARCHAR2"
"CLTB_ACCOUNT_APPS_MASTER","EMI_FREQ","NUMBER"
"CLTB_ACCOUNT_APPS_MASTER","MIN_EMI","NUMBER"
"CLTB_ACCOUNT_APPS_MASTER","MAX_EMI","NUMBER"
"CLTB_ACCOUNT_APPS_MASTER","EMI_FREQ_UNIT","VARCHAR2"
"CLTB_ACCOUNT_APPS_MASTER","END_DATE","DATE"
"CLTB_ACCOUNT_APPS_MASTER","USE_GUARANTOR","VARCHAR2"
"CLTB_ACCOUNT_APPS_MASTER","LOAN_AGAINST_SAL","VARCHAR2"
"CLTB_ACCOUNT_APPS_MASTER","AMOUNT_UTILIZED","NUMBER"
"CLTB_ACCOUNT_APPS_MASTER","MIN_AMT_DUE_RULE","VARCHAR2"
"CLTB_ACCOUNT_APPS_MASTER","FIRST_PAY_BY_DATE","DATE"
"CLTB_ACCOUNT_APPS_MASTER","CREDITDAYS","NUMBER"
"CLTB_ACCOUNT_APPS_MASTER","OPEN_LINE_LOAN","VARCHAR2"
"CLTB_ACCOUNT_APPS_MASTER","REVOLVING_TYPE","VARCHAR2"
"CLTB_ACCOUNT_APPS_MASTER","BOOK_UNEARNED_INTEREST","VARCHAR2"
"CLTB_ACCOUNT_APPS_MASTER","UPFRONT_PROFIT_BOOKED","NUMBER"
"CLTB_ACCOUNT_APPS_MASTER","APPLICATION_NUM","VARCHAR2"
"CLTB_ACCOUNT_APPS_MASTER","CUSTOMER_ID","VARCHAR2"
"CLTB_ACCOUNT_APPS_MASTER","PRODUCT_CODE","VARCHAR2"
"CLTB_ACCOUNT_APPS_MASTER","PRODUCT_CATEGORY","VARCHAR2"
"CLTB_ACCOUNT_APPS_MASTER","BOOK_DATE","DATE"
"CLTB_ACCOUNT_APPS_MASTER","VALUE_DATE","DATE"
"CLTB_ACCOUNT_APPS_MASTER","MATURITY_DATE","DATE"
"CLTB_ACCOUNT_APPS_MASTER","AMOUNT_FINANCED","NUMBER"
"CLTB_ACCOUNT_APPS_MASTER","DOWNPAYMENT_AMOUNT","NUMBER"
"CLTB_ACCOUNT_APPS_MASTER","CURRENCY","VARCHAR2"
"CLTB_ACCOUNT_APPS_MASTER","ORIGINAL_ST_DATE","DATE"
"CLTB_ACCOUNT_APPS_MASTER","PRIMARY_APPLICANT_ID","VARCHAR2"
"CLTB_ACCOUNT_APPS_MASTER","PRIMARY_APPLICANT_NAME","VARCHAR2"
"CLTB_ACCOUNT_APPS_MASTER","USER_DEFINED_STATUS","VARCHAR2"
"CLTB_ACCOUNT_APPS_MASTER","CALC_REQD","VARCHAR2"
"CLTB_ACCOUNT_APPS_MASTER","BACK_VAL_EFF_DT","DATE"
"CLTB_ACCOUNT_APPS_MASTER","AUTO_MAN_ROLLOVER","VARCHAR2"
"CLTB_ACCOUNT_APPS_MASTER","SCHEDULE_BASIS","VARCHAR2"
"CLTB_ACCOUNT_APPS_MASTER","UDE_ROLLOVER_BASIS","VARCHAR2"
"CLTB_ACCOUNT_APPS_MASTER","ROLLOVER_TYPE","VARCHAR2"
"CLTB_ACCOUNT_APPS_MASTER","SPECIAL_AMOUNT","NUMBER"
"CLTB_ACCOUNT_APPS_MASTER","RATE_CODE_PREF","VARCHAR2"
"CLTB_ACCOUNT_APPS_MASTER","PASSBOOK_FACILITY","VARCHAR2"
"CLTB_ACCOUNT_APPS_MASTER","ATM_FACILITY","VARCHAR2"
"CLTB_ACCOUNT_APPS_MASTER","ALLOW_BACK_PERIOD_ENTRY","VARCHAR2"
"CLTB_ACCOUNT_APPS_MASTER","INT_STMT","VARCHAR2"
"CLTB_ACCOUNT_APPS_MASTER","TRACK_RECEIVABLE_ALIQ","VARCHAR2"
"CLTB_ACCOUNT_APPS_MASTER","TRACK_RECEIVABLE_MLIQ","VARCHAR2"
"CLTB_ACCOUNT_APPS_MASTER","LIQUIDATION_MODE","VARCHAR2"
"CLTB_ACCOUNT_APPS_MASTER","AMEND_PAST_PAID_SCHEDULE","VARCHAR2"
"CLTB_ACCOUNT_APPS_MASTER","CHEQUE_BOOK_FACILITY","VARCHAR2"
"CLTB_ACCOUNT_APPS_MASTER","LIQ_BACK_VALUED_SCHEDULES","VARCHAR2"
"CLTB_ACCOUNT_APPS_MASTER","LIQ_COMP_DATES_FLAG","VARCHAR2"
"CLTB_ACCOUNT_APPS_MASTER","RETRIES_AUTO_LIQ","NUMBER"
"CLTB_ACCOUNT_APPS_MASTER","RESIDUAL_AMOUNT","NUMBER"
"CLTB_ACCOUNT_APPS_MASTER","ACCOUNT_STATUS","VARCHAR2"
"CLTB_ACCOUNT_APPS_MASTER","AUTH_STAT","VARCHAR2"
"CLTB_ACCOUNT_APPS_MASTER","VERSION_NO","NUMBER"
"CLTB_ACCOUNT_APPS_MASTER","LATEST_ESN","NUMBER"
"CLTB_ACCOUNT_APPS_MASTER","NEXT_ACCR_DATE","DATE"
"CLTB_ACCOUNT_APPS_MASTER","HAS_PROBLEMS","VARCHAR2"
"CLTB_ACCOUNT_APPS_MASTER","PROCESS_NO","NUMBER"
"CLTB_ACCOUNT_APPS_MASTER","AMOUNT_DISBURSED","NUMBER"
"CLTB_ACCOUNT_APPS_MASTER","STOP_ACCRUALS","VARCHAR2"
"CLTB_ACCOUNT_APPS_MASTER","FUNDED_STATUS","NUMBER"
"CLTB_ACCOUNT_APPS_MASTER","AMORTIZED","VARCHAR2"
"CLTB_ACCOUNT_APPS_MASTER","RECALC_ACTION_CODE","VARCHAR2"
"CLTB_ACCOUNT_APPS_MASTER","MAKER_ID","VARCHAR2"
"CLTB_ACCOUNT_APPS_MASTER","MAKER_DT_STAMP","DATE"
"CLTB_ACCOUNT_APPS_MASTER","CHECKER_ID","VARCHAR2"
"CLTB_ACCOUNT_APPS_MASTER","CHECKER_DT_STAMP","DATE"
"CLTB_ACCOUNT_APPS_MASTER","ARVN_APPLIED","VARCHAR2"
"CLTB_ACCOUNT_APPS_MASTER","ALT_ACC_NO","VARCHAR2"
"CLTB_ACCOUNT_APPS_MASTER","PARTIAL_LIQUIDATION","VARCHAR2"
"CLTB_ACCOUNT_APPS_MASTER","ALIQ_REVERSED_PMT","VARCHAR2"
"CLTB_ACCOUNT_APPS_MASTER","NO_OF_INSTALLMENTS","NUMBER"
"CLTB_ACCOUNT_APPS_MASTER","FREQUENCY","NUMBER"
"CLTB_ACCOUNT_APPS_MASTER","FREQUENCY_UNIT","VARCHAR2"
"CLTB_ACCOUNT_APPS_MASTER","FIRST_INS_DATE","DATE"
"CLTB_ACCOUNT_APPS_MASTER","LINKED_REFERENCE","VARCHAR2"
"CLTB_ACCOUNT_APPS_MASTER","LINKAGE_TYPE","VARCHAR2"
"CLTB_ACCOUNT_APPS_MASTER","FIELD_CHAR_1","VARCHAR2"
"CLTB_ACCOUNT_APPS_MASTER","FIELD_CHAR_2","VARCHAR2"
"CLTB_ACCOUNT_APPS_MASTER","FIELD_CHAR_3","VARCHAR2"
"CLTB_ACCOUNT_APPS_MASTER","FIELD_CHAR_4","VARCHAR2"
"CLTB_ACCOUNT_APPS_MASTER","FIELD_CHAR_5","VARCHAR2"
"CLTB_ACCOUNT_APPS_MASTER","FIELD_CHAR_6","VARCHAR2"
"CLTB_ACCOUNT_APPS_MASTER","FIELD_CHAR_7","VARCHAR2"
"CLTB_ACCOUNT_APPS_MASTER","FIELD_CHAR_8","VARCHAR2"
"CLTB_ACCOUNT_APPS_MASTER","FIELD_CHAR_9","VARCHAR2"
"CLTB_ACCOUNT_APPS_MASTER","FIELD_CHAR_10","VARCHAR2"
"CLTB_ACCOUNT_APPS_MASTER","FIELD_CHAR_11","VARCHAR2"
"CLTB_ACCOUNT_APPS_MASTER","FIELD_CHAR_12","VARCHAR2"
"CLTB_ACCOUNT_APPS_MASTER","FIELD_CHAR_13","VARCHAR2"
"CLTB_ACCOUNT_APPS_MASTER","FIELD_CHAR_14","VARCHAR2"
"CLTB_ACCOUNT_APPS_MASTER","FIELD_CHAR_15","VARCHAR2"
"CLTB_ACCOUNT_APPS_MASTER","FIELD_CHAR_16","VARCHAR2"
"CLTB_ACCOUNT_APPS_MASTER","FIELD_CHAR_17","VARCHAR2"
"CLTB_ACCOUNT_APPS_MASTER","FIELD_CHAR_18","VARCHAR2"
"CLTB_ACCOUNT_APPS_MASTER","FIELD_CHAR_19","VARCHAR2"
"CLTB_ACCOUNT_APPS_MASTER","FIELD_CHAR_20","VARCHAR2"
"CLTB_ACCOUNT_APPS_MASTER","FIELD_NUMBER_1","NUMBER"
"CLTB_ACCOUNT_APPS_MASTER","FIELD_NUMBER_2","NUMBER"
"CLTB_ACCOUNT_APPS_MASTER","FIELD_NUMBER_3","NUMBER"
"CLTB_ACCOUNT_APPS_MASTER","FIELD_NUMBER_4","NUMBER"
"CLTB_ACCOUNT_APPS_MASTER","FIELD_NUMBER_5","NUMBER"
"CLTB_ACCOUNT_APPS_MASTER","FIELD_NUMBER_6","NUMBER"
"CLTB_ACCOUNT_APPS_MASTER","FIELD_NUMBER_7","NUMBER"
"CLTB_ACCOUNT_APPS_MASTER","FIELD_NUMBER_8","NUMBER"
"CLTB_ACCOUNT_APPS_MASTER","FIELD_NUMBER_9","NUMBER"
"CLTB_ACCOUNT_APPS_MASTER","FIELD_NUMBER_10","NUMBER"
"CLTB_ACCOUNT_APPS_MASTER","FIELD_NUMBER_11","NUMBER"
"CLTB_ACCOUNT_APPS_MASTER","FIELD_NUMBER_12","NUMBER"
"CLTB_ACCOUNT_APPS_MASTER","FIELD_NUMBER_13","NUMBER"
"CLTB_ACCOUNT_APPS_MASTER","FIELD_NUMBER_14","NUMBER"
"CLTB_ACCOUNT_APPS_MASTER","FIELD_NUMBER_15","NUMBER"
"CLTB_ACCOUNT_APPS_MASTER","FIELD_NUMBER_16","NUMBER"
"CLTB_ACCOUNT_APPS_MASTER","FIELD_NUMBER_17","NUMBER"
"CLTB_ACCOUNT_APPS_MASTER","FIELD_NUMBER_18","NUMBER"
"CLTB_ACCOUNT_APPS_MASTER","FIELD_NUMBER_19","NUMBER"
"CLTB_ACCOUNT_APPS_MASTER","FIELD_NUMBER_20","NUMBER"
"CLTB_ACCOUNT_APPS_MASTER","FIELD_DATE_1","DATE"
"CLTB_ACCOUNT_APPS_MASTER","FIELD_DATE_2","DATE"
"CLTB_ACCOUNT_APPS_MASTER","FIELD_DATE_3","DATE"
"CLTB_ACCOUNT_APPS_MASTER","FIELD_DATE_4","DATE"
"CLTB_ACCOUNT_APPS_MASTER","FIELD_DATE_5","DATE"
"CLTB_ACCOUNT_APPS_MASTER","FIELD_DATE_6","DATE"
"CLTB_ACCOUNT_APPS_MASTER","FIELD_DATE_7","DATE"
"CLTB_ACCOUNT_APPS_MASTER","FIELD_DATE_8","DATE"
"CLTB_ACCOUNT_APPS_MASTER","FIELD_DATE_9","DATE"
"CLTB_ACCOUNT_APPS_MASTER","FIELD_DATE_10","DATE"
"CLTB_ACCOUNT_APPS_MASTER","ROLL_BY","VARCHAR2"
"CLTB_ACCOUNT_APPS_MASTER","MATURITY_TYPE","VARCHAR2"
"CLTB_ACCOUNT_APPS_MASTER","NET_PRINCIPAL","NUMBER"
"CLTB_ACCOUNT_APPS_MASTER","ACCOUNT_NUMBER","VARCHAR2"
"CLTB_ACCOUNT_APPS_MASTER","BRANCH_CODE","VARCHAR2"
"CLTB_ACCOUNT_APPS_MASTER","ASSET_COST","NUMBER"
"CLTB_ACCOUNT_APPS_MASTER","LIQD_RESIDUAL_VALUE","VARCHAR2"
"CLTB_ACCOUNT_APPS_MASTER","DEALER","VARCHAR2"
"CLTB_ACCOUNT_APPS_MASTER","PRINC_PREV_ACCRUAL","NUMBER"
"CLTB_ACCOUNT_APPS_MASTER","FUND_ID","VARCHAR2"
"CLTB_ACCOUNT_APPS_MASTER","AMORT_RESCHEDULE_ON_DSBR","VARCHAR2"
"CLTB_ACCOUNT_APPS_MASTER","AMOUNT_BLOCK_FLAG","VARCHAR2"
"CLTB_ACCOUNT_APPS_MASTER","AMOUNT_BLOCKED","NUMBER"
"CLTB_ACCOUNT_APPS_MASTER","AMOUNT_BLOCK_REMARKS","VARCHAR2"
"CLTB_ACCOUNT_APPS_MASTER","INSURANCE_FLAG","VARCHAR2"
"CLTB_ACCOUNT_APPS_MASTER","TOTAL_SALE_VALUE","NUMBER"
"CLTB_ACCOUNT_APPS_MASTER","UIDB_CALC_REQD","VARCHAR2"
"CLTB_ACCOUNT_APPS_MASTER","BANK_SHARE_PERCENT","NUMBER"
"CLTB_ACCOUNT_APPS_MASTER","CUST_SHARE_PERCENT","NUMBER"
"CLTB_ACCOUNT_APPS_MASTER","WAKALA_ACC_NO","VARCHAR2"
"CLTB_ACCOUNT_APPS_MASTER","STAFF_FINANCE","NUMBER"
"CLTB_ACCOUNT_APPS_MASTER","FUTURE_DP_RECEIVABLE","NUMBER"
"CLTB_ACCOUNT_APPS_MASTER","END_CONSTRUCT_DT","DATE"
"CLTB_ACCOUNT_APPS_MASTER","TOTAL_AMOUNT","NUMBER"
"CLTB_ACCOUNT_APPS_MASTER","ALLOW_MULTIPLE_DP","VARCHAR2"
"CLTB_ACCOUNT_APPS_MASTER","UIDB_NOMINAL_AMT","NUMBER"
"CLTB_ACCOUNT_APPS_MASTER","DAYS_FOR_CIF_AC","NUMBER"
"CLTB_ACCOUNT_APPS_MASTER","DAYS_FOR_GUA_AC","NUMBER"
"CLTB_ACCOUNT_APPS_MASTER","SUPP_GRACE_PERIOD","NUMBER"
"CLTB_ACCOUNT_APPS_MASTER","SUPP_FREQUENCY_UNIT","VARCHAR2"
"CLTB_ACCOUNT_APPS_MASTER","CUST_GRACE_PERIOD","NUMBER"
"CLTB_ACCOUNT_APPS_MASTER","CUST_FREQUENCY_UNIT","VARCHAR2"
"CLTB_ACCOUNT_APPS_MASTER","MATURITY_TENOR","NUMBER"
"CLTB_ACCOUNT_APPS_MASTER","MATURITY_UNIT","VARCHAR2"
"CLTB_ACCOUNT_APPS_MASTER","ALLOW_MULTI_PARTY","VARCHAR2"
"CLTB_ACCOUNT_APPS_MASTER","POST_CONST_UIDB","NUMBER"
"CLTB_ACCOUNT_APPS_MASTER","BALLOON_AMOUNT","NUMBER"
"CLTB_ACCOUNT_APPS_MASTER","PROJECT_ACCOUNT","VARCHAR2"
"CLTB_ACCOUNT_APPS_MASTER","PROP_HANDOVER","VARCHAR2"
"CLTB_ACCOUNT_APPS_MASTER","HANDOVER_DATE","DATE"
"CLTB_ACCOUNT_APPS_MASTER","HANDOVER_CONF","VARCHAR2"
"CLTB_ACCOUNT_APPS_MASTER","INSURANCE_FINANCED","VARCHAR2"
"CLTB_ACCOUNT_APPS_MASTER","APPLICANT_INCOME","NUMBER"
"CLTB_ACCOUNT_APPS_MASTER","RETRIES_ADVICE_DAYS","NUMBER"
"CLTB_ACCOUNT_APPS_MASTER","LOAN_STLMNT_NOTICEFLG","VARCHAR2"
"CLTB_ACCOUNT_APPS_MASTER","NOTICE_DATE","DATE"
"CLTB_ACCOUNT_APPS_MASTER","EXPECTED_CLOSURE_DATE","DATE"
"CLTB_ACCOUNT_APPS_MASTER","AUTO_CLOSE_COLLATERAL","VARCHAR2"
"CLTB_ACCOUNT_APPS_MASTER","ARRAHNU_EXTENSION","NUMBER"
"CLTB_ACCOUNT_APPS_MASTER","DOWNPAYMENT_PERCEN","NUMBER"
"CLTB_ACCOUNT_APPS_MASTER","MAX_RNOG","NUMBER"
"CLTB_ACCOUNT_APPS_MASTER","RNOG_NO","NUMBER"
"CLTB_ACCOUNT_APPS_MASTER","STATUS_CHANGE_MODE","VARCHAR2"
"CLTB_ACCOUNT_APPS_MASTER","SECR_STATUS","VARCHAR2"
"CLTB_ACCOUNT_APPS_MASTER","TAKEN_OVER","CHAR"
"CLTB_ACCOUNT_APPS_MASTER","ASSET_TYPE","VARCHAR2"
"CLTB_ACCOUNT_APPS_MASTER","MUR_CONT_STATUS","VARCHAR2"
"CLTB_ACCOUNT_APPS_MASTER","RATE_CHG_ACTION","VARCHAR2"
"CLTB_ACCOUNT_APPS_MASTER","MFI_LOAN_TYPE","VARCHAR2"
"CLTB_ACCOUNT_APPS_MASTER","SANCTIONING_OFFICER","VARCHAR2"
"CLTB_ACCOUNT_APPS_MASTER","LOAN_DISBURSEMENT_CATEGORY","VARCHAR2"
"STTM_CUSTOMER","SYS_NC00110$","VARCHAR2"
"STTM_CUSTOMER","CUSTOMER_TYPE","CHAR"
"STTM_CUSTOMER","CUSTOMER_NAME1","VARCHAR2"
"STTM_CUSTOMER","ADDRESS_LINE1","VARCHAR2"
"STTM_CUSTOMER","ADDRESS_LINE3","VARCHAR2"
"STTM_CUSTOMER","ADDRESS_LINE2","VARCHAR2"
"STTM_CUSTOMER","ADDRESS_LINE4","VARCHAR2"
"STTM_CUSTOMER","COUNTRY","VARCHAR2"
"STTM_CUSTOMER","SHORT_NAME","VARCHAR2"
"STTM_CUSTOMER","NATIONALITY","VARCHAR2"
"STTM_CUSTOMER","LANGUAGE","VARCHAR2"
"STTM_CUSTOMER","EXPOSURE_COUNTRY","VARCHAR2"
"STTM_CUSTOMER","LOCAL_BRANCH","VARCHAR2"
"STTM_CUSTOMER","LIABILITY_NO","VARCHAR2"
"STTM_CUSTOMER","UNIQUE_ID_NAME","VARCHAR2"
"STTM_CUSTOMER","UNIQUE_ID_VALUE","VARCHAR2"
"STTM_CUSTOMER","FROZEN","CHAR"
"STTM_CUSTOMER","DECEASED","CHAR"
"STTM_CUSTOMER","WHEREABOUTS_UNKNOWN","CHAR"
"STTM_CUSTOMER","CUSTOMER_CATEGORY","VARCHAR2"
"STTM_CUSTOMER","HO_AC_NO","VARCHAR2"
"STTM_CUSTOMER","RECORD_STAT","CHAR"
"STTM_CUSTOMER","AUTH_STAT","CHAR"
"STTM_CUSTOMER","MOD_NO","NUMBER"
"STTM_CUSTOMER","MAKER_ID","VARCHAR2"
"STTM_CUSTOMER","MAKER_DT_STAMP","DATE"
"STTM_CUSTOMER","CHECKER_ID","VARCHAR2"
"STTM_CUSTOMER","CHECKER_DT_STAMP","DATE"
"STTM_CUSTOMER","ONCE_AUTH","CHAR"
"STTM_CUSTOMER","FX_CUST_CLEAN_RISK_LIMIT","NUMBER"
"STTM_CUSTOMER","OVERALL_LIMIT","NUMBER"
"STTM_CUSTOMER","FX_CLEAN_RISK_LIMIT","NUMBER"
"STTM_CUSTOMER","CREDIT_RATING","VARCHAR2"
"STTM_CUSTOMER","REVISION_DATE","DATE"
"STTM_CUSTOMER","LIMIT_CCY","VARCHAR2"
"STTM_CUSTOMER","CAS_CUST","CHAR"
"STTM_CUSTOMER","LIAB_NODE","VARCHAR2"
"STTM_CUSTOMER","SEC_CUST_CLEAN_RISK_LIMIT","NUMBER"
"STTM_CUSTOMER","SEC_CLEAN_RISK_LIMIT","NUMBER"
"STTM_CUSTOMER","SEC_CUST_PSTL_RISK_LIMIT","NUMBER"
"STTM_CUSTOMER","SEC_PSTL_RISK_LIMIT","NUMBER"
"STTM_CUSTOMER","LIAB_BR","VARCHAR2"
"STTM_CUSTOMER","PAST_DUE_FLAG","VARCHAR2"
"STTM_CUSTOMER","DEFAULT_MEDIA","VARCHAR2"
"STTM_CUSTOMER","SSN","VARCHAR2"
"STTM_CUSTOMER","SWIFT_CODE","VARCHAR2"
"STTM_CUSTOMER","LOC_CODE","VARCHAR2"
"STTM_CUSTOMER","SHORT_NAME2","VARCHAR2"
"STTM_CUSTOMER","UTILITY_PROVIDER","VARCHAR2"
"STTM_CUSTOMER","UTILITY_PROVIDER_ID","VARCHAR2"
"STTM_CUSTOMER","RISK_PROFILE","VARCHAR2"
"STTM_CUSTOMER","DEBTOR_CATEGORY","VARCHAR2"
"STTM_CUSTOMER","FULL_NAME","VARCHAR2"
"STTM_CUSTOMER","UDF_1","VARCHAR2"
"STTM_CUSTOMER","UDF_2","VARCHAR2"
"STTM_CUSTOMER","UDF_3","VARCHAR2"
"STTM_CUSTOMER","UDF_4","VARCHAR2"
"STTM_CUSTOMER","UDF_5","VARCHAR2"
"STTM_CUSTOMER","AML_REQUIRED","CHAR"
"STTM_CUSTOMER","AML_CUSTOMER_GRP","VARCHAR2"
"STTM_CUSTOMER","MAILERS_REQUIRED","CHAR"
"STTM_CUSTOMER","GROUP_CODE","VARCHAR2"
"STTM_CUSTOMER","EXPOSURE_CATEGORY","VARCHAR2"
"STTM_CUSTOMER","CUST_CLASSIFICATION","VARCHAR2"
"STTM_CUSTOMER","CIF_STATUS","VARCHAR2"
"STTM_CUSTOMER","CIF_STATUS_SINCE","DATE"
"STTM_CUSTOMER","CHARGE_GROUP","VARCHAR2"
"STTM_CUSTOMER","INTRODUCER","VARCHAR2"
"STTM_CUSTOMER","CUST_CLG_GROUP","VARCHAR2"
"STTM_CUSTOMER","CHK_DIGIT_VALID_REQD","VARCHAR2"
"STTM_CUSTOMER","ALG_ID","VARCHAR2"
"STTM_CUSTOMER","FT_ACCTING_AS_OF","VARCHAR2"
"STTM_CUSTOMER","UNADVISED","VARCHAR2"
"STTM_CUSTOMER","TAX_GROUP","VARCHAR2"
"STTM_CUSTOMER","CONSOL_TAX_CERT_REQD","VARCHAR2"
"STTM_CUSTOMER","INDIVIDUAL_TAX_CERT_REQD","VARCHAR2"
"STTM_CUSTOMER","CLS_CCY_ALLOWED","VARCHAR2"
"STTM_CUSTOMER","CLS_PARTICIPANT","VARCHAR2"
"STTM_CUSTOMER","FX_NETTING_CUSTOMER","VARCHAR2"
"STTM_CUSTOMER","RISK_CATEGORY","VARCHAR2"
"STTM_CUSTOMER","FAX_NUMBER","VARCHAR2"
"STTM_CUSTOMER","EXT_REF_NO","VARCHAR2"
"STTM_CUSTOMER","CRM_CUSTOMER","VARCHAR2"
"STTM_CUSTOMER","ISSUER_CUSTOMER","VARCHAR2"
"STTM_CUSTOMER","TREASURY_CUSTOMER","VARCHAR2"
"STTM_CUSTOMER","CIF_CREATION_DATE","DATE"
"STTM_CUSTOMER","WHT_PCT","NUMBER"
"STTM_CUSTOMER","RP_CUSTOMER","VARCHAR2"
"STTM_CUSTOMER","GENERATE_MT920","VARCHAR2"
"STTM_CUSTOMER","KYC_DETAILS","VARCHAR2"
"STTM_CUSTOMER","STAFF","VARCHAR2"
"STTM_CUSTOMER","KYC_REF_NO","VARCHAR2"
"STTM_CUSTOMER","UTILITY_PROVIDER_TYPE","VARCHAR2"
"STTM_CUSTOMER","JOINT_VENTURE","VARCHAR2"
"STTM_CUSTOMER","JV_LIMIT_TRACKING","VARCHAR2"
"STTM_CUSTOMER","PRIVATE_CUSTOMER","VARCHAR2"
"STTM_CUSTOMER","LC_COLLATERAL_PCT","NUMBER"
"STTM_CUSTOMER","ELCM_CUSTOMER","VARCHAR2"
"STTM_CUSTOMER","ELCM_CUSTOMER_NO","VARCHAR2"
"STTM_CUSTOMER","AUTO_CREATE_ACCOUNT","CHAR"
"STTM_CUSTOMER","AUTO_CUST_AC_NO","VARCHAR2"
"STTM_CUSTOMER","TRACK_LIMITS","CHAR"
"STTM_CUSTOMER","AR_AP_TRACKING","VARCHAR2"
"STTM_CUSTOMER","RM_ID","VARCHAR2"
"STTM_CUSTOMER","AUTOGEN_STMTPLAN","VARCHAR2"
"STTM_CUSTOMER","FREQUENCY","VARCHAR2"
"STTM_CUSTOMER","STMT_DAY","VARCHAR2"
"STTM_CUSTOMER","PINCODE","VARCHAR2"
"STTM_CUSTOMER","MFI_CUSTOMER","VARCHAR2"
"STTM_CUSTOMER","CUSTOMER_NO","VARCHAR2"
"CLTB_ACCOUNT_SCHEDULES","BRANCH_CODE","VARCHAR2"
"CLTB_ACCOUNT_SCHEDULES","COMPONENT_NAME","VARCHAR2"
"CLTB_ACCOUNT_SCHEDULES","FORMULA_NAME","VARCHAR2"
"CLTB_ACCOUNT_SCHEDULES","SCHEDULE_TYPE","VARCHAR2"
"CLTB_ACCOUNT_SCHEDULES","SCHEDULE_ST_DATE","DATE"
"CLTB_ACCOUNT_SCHEDULES","SCHEDULE_DUE_DATE","DATE"
"CLTB_ACCOUNT_SCHEDULES","GRACE_DAYS","NUMBER"
"CLTB_ACCOUNT_SCHEDULES","ORIG_AMOUNT_DUE","NUMBER"
"CLTB_ACCOUNT_SCHEDULES","AMOUNT_DUE","NUMBER"
"CLTB_ACCOUNT_SCHEDULES","ADJ_AMOUNT","NUMBER"
"CLTB_ACCOUNT_SCHEDULES","AMOUNT_SETTLED","NUMBER"
"CLTB_ACCOUNT_SCHEDULES","AMOUNT_OVERDUE","NUMBER"
"CLTB_ACCOUNT_SCHEDULES","ACCRUED_AMOUNT","NUMBER"
"CLTB_ACCOUNT_SCHEDULES","SETTLEMENT_CCY","VARCHAR2"
"CLTB_ACCOUNT_SCHEDULES","LCY_EQUIVALENT","NUMBER"
"CLTB_ACCOUNT_SCHEDULES","DLY_AVG_AMT","NUMBER"
"CLTB_ACCOUNT_SCHEDULES","EMI_AMOUNT","NUMBER"
"CLTB_ACCOUNT_SCHEDULES","SCHEDULE_FLAG","VARCHAR2"
"CLTB_ACCOUNT_SCHEDULES","WAIVER_FLAG","VARCHAR2"
"CLTB_ACCOUNT_SCHEDULES","EVENT_SEQ_NO","NUMBER"
"CLTB_ACCOUNT_SCHEDULES","SCHEDULE_LINKAGE","DATE"
"CLTB_ACCOUNT_SCHEDULES","CAPITALIZED","VARCHAR2"
"CLTB_ACCOUNT_SCHEDULES","PROCESS_NO","NUMBER"
"CLTB_ACCOUNT_SCHEDULES","AMOUNT_READJUSTED","NUMBER"
"CLTB_ACCOUNT_SCHEDULES","ADJ_SETTLED","NUMBER"
"CLTB_ACCOUNT_SCHEDULES","SCH_STATUS","VARCHAR2"
"CLTB_ACCOUNT_SCHEDULES","ACCOUNT_GL","VARCHAR2"
"CLTB_ACCOUNT_SCHEDULES","LAST_PMNT_VALUE_DATE","DATE"
"CLTB_ACCOUNT_SCHEDULES","RETRY_START_DATE","DATE"
"CLTB_ACCOUNT_SCHEDULES","MORA_INT","NUMBER"
"CLTB_ACCOUNT_SCHEDULES","SCHEDULE_NO","NUMBER"
"CLTB_ACCOUNT_SCHEDULES","WRITEOFF_AMT","NUMBER"
"CLTB_ACCOUNT_SCHEDULES","READJ_SETTLED","NUMBER"
"CLTB_ACCOUNT_SCHEDULES","LAST_READJ_XRATE","NUMBER"
"CLTB_ACCOUNT_SCHEDULES","SUSP_AMT_DUE","NUMBER"
"CLTB_ACCOUNT_SCHEDULES","SUSP_AMT_SETTLED","NUMBER"
"CLTB_ACCOUNT_SCHEDULES","SUSP_AMT_LCY","NUMBER"
"CLTB_ACCOUNT_SCHEDULES","SUSP_READ_AMT","NUMBER"
"CLTB_ACCOUNT_SCHEDULES","SUSP_READ_SETTLED","NUMBER"
"CLTB_ACCOUNT_SCHEDULES","LAST_SUSP_XRATE","NUMBER"
"CLTB_ACCOUNT_SCHEDULES","AMOUNT_WAIVED","NUMBER"
"CLTB_ACCOUNT_SCHEDULES","IRR_APPLICABLE","CHAR"
"CLTB_ACCOUNT_SCHEDULES","LIST_DAYS","VARCHAR2"
"CLTB_ACCOUNT_SCHEDULES","LIST_AVG_AMT","VARCHAR2"
"CLTB_ACCOUNT_SCHEDULES","PAY_BY_DATE","DATE"
"CLTB_ACCOUNT_SCHEDULES","ACCOUNT_NUMBER","VARCHAR2"
"CLTM_PRODUCT_UDE_DATES","PRODUCT_CODE","VARCHAR2"
"CLTM_PRODUCT_UDE_DATES","UDE_RULE_CODE","VARCHAR2"
"CLTM_PRODUCT_UDE_DATES","UDE_EFF_DT","DATE"
"CLTM_PRODUCT_UDE_DATES","CCY_CODE","VARCHAR2"
"CLTM_PRODUCT_LIQ_ORDER","PRODUCT_CODE","VARCHAR2"
"CLTM_PRODUCT_LIQ_ORDER","STATUS","VARCHAR2"
"CLTM_PRODUCT_LIQ_ORDER","COMPONENT_NAME","VARCHAR2"
"CLTM_PRODUCT_LIQ_ORDER","LIQ_ORDER","NUMBER"
"CLTM_PRODUCT_COMP_MASTER","COMPONENT_TYPE","VARCHAR2"
"CLTM_PRODUCT_COMP_MASTER","OLD_COMPONENT_NAME","VARCHAR2"
"CLTM_PRODUCT_COMP_MASTER","PRODUCT_CODE","VARCHAR2"
"CLTM_PRODUCT_COMP_MASTER","COMPONENT_NAME","VARCHAR2"
"CLTM_PRODUCT_COMP_MASTER","COMPONENT_DESC","VARCHAR2"
"CLTM_PRODUCT_EVENT_ACCTRULES","PRODUCT_CODE","VARCHAR2"
"CLTM_PRODUCT_EVENT_ACCTRULES","EVENT_CODE","VARCHAR2"
"CLTM_PRODUCT_EVENT_ACCTRULES","ACT_RULE_NO","NUMBER"
"CLTM_PRODUCT_EVENT_ACCTRULES","COND","VARCHAR2"
"CLTM_PRODUCT_STATUS","PRODUCT_CODE","VARCHAR2"
"CLTM_PRODUCT_STATUS","FROM_STATUS","VARCHAR2"
"CLTM_PRODUCT_STATUS","TO_STATUS","VARCHAR2"
"CLTM_PRODUCT_STATUS","DRV_RULE","VARCHAR2"
"CLTM_PRODUCT_STATUS","MOVEMENT_TYPE","VARCHAR2"
"CLTM_PRODUCT_STATUS","COMP_ACCR_STCH","VARCHAR2"
"CLTM_PRODUCT_UDF","PRODUCT_CODE","VARCHAR2"
"CLTM_PRODUCT_UDF","FIELD_NAME","VARCHAR2"
"CLTM_PRODUCT_UDF","FIELD_DESC","VARCHAR2"
"CLTM_PRODUCT_UDF","DATA_TYPE","VARCHAR2"
"CLTM_PRODUCT_UDF","FIELD_NO","NUMBER"
"CLTM_PRODUCT_UDF","RULE_USED_IN","VARCHAR2"
"CSTB_AMOUNT_TAG","MODULE","VARCHAR2"
"CSTB_AMOUNT_TAG","AMOUNT_TAG","VARCHAR2"
"CSTB_AMOUNT_TAG","DESCRIPTION","VARCHAR2"
"CSTB_AMOUNT_TAG","LANGUAGE_CODE","VARCHAR2"
"CSTB_AMOUNT_TAG","CHARGE_ALLOWED","CHAR"
"CSTB_AMOUNT_TAG","COMMISSION_ALLOWED","CHAR"
"CSTB_AMOUNT_TAG","INTEREST_ALLOWED","CHAR"
"CSTB_AMOUNT_TAG","TAX_ALLOWED","CHAR"
"CSTB_AMOUNT_TAG","ACCT_ENTRY_DEFN_ALLOWED","CHAR"
"CSTB_AMOUNT_TAG","AMOUNT_TAG_TYPE","CHAR"
"CSTB_AMOUNT_TAG","TRACK_RECEIVABLES","CHAR"
"CSTB_AMOUNT_TAG","TRAN_TAX_ALLOWED","CHAR"
"CSTB_AMOUNT_TAG","ISSR_TAX_ALLOWED","CHAR"
"CSTB_AMOUNT_TAG","LCY_AVG_EQL_REQD","VARCHAR2"
"CSTB_AMOUNT_TAG","TAG_TO_BE_AVG_EQL_WITH","VARCHAR2"
"CSTB_AMOUNT_TAG","USER_DEFINED","VARCHAR2"
"CSTB_AMOUNT_TAG","OFFSET_AMOUNT_TAG","VARCHAR2"
"CSTB_AMOUNT_TAG","UNREALISED","VARCHAR2"
"CSTB_AMOUNT_TAG","TRACK_RECEIVABLE","VARCHAR2"
"CSTB_AMOUNT_TAG","TRACK_PAYABLE","VARCHAR2"
"CLTM_PRODUCT_UDE_MASTER","PRODUCT_CODE","VARCHAR2"
"CLTM_PRODUCT_UDE_MASTER","CCY_CODE","VARCHAR2"
"CLTM_PRODUCT_UDE_MASTER","RECORD_STAT","VARCHAR2"
"CLTM_PRODUCT_UDE_MASTER","AUTH_STAT","VARCHAR2"
"CLTM_PRODUCT_UDE_MASTER","ONCE_AUTH","VARCHAR2"
"CLTM_PRODUCT_UDE_MASTER","MOD_NO","NUMBER"
"CLTM_PRODUCT_UDE_MASTER","MAKER_ID","VARCHAR2"
"CLTM_PRODUCT_UDE_MASTER","MAKER_DT_STAMP","DATE"
"CLTM_PRODUCT_UDE_MASTER","CHECKER_ID","VARCHAR2"
"CLTM_PRODUCT_UDE_MASTER","CHECKER_DT_STAMP","DATE"
"CLTB_ACC_UDE_VALUES_AMND_HIST","ACCOUNT_NUMBER","VARCHAR2"
"CLTB_ACC_UDE_VALUES_AMND_HIST","BRANCH_CODE","VARCHAR2"
"CLTB_ACC_UDE_VALUES_AMND_HIST","EFFECTIVE_DATE","DATE"
"CLTB_ACC_UDE_VALUES_AMND_HIST","UDE_ID","VARCHAR2"
"CLTB_ACC_UDE_VALUES_AMND_HIST","UDE_VALUE","NUMBER"
"CLTB_ACC_UDE_VALUES_AMND_HIST","RATE_CODE","VARCHAR2"
"CLTB_ACC_UDE_VALUES_AMND_HIST","CODE_USAGE","VARCHAR2"
"CLTB_ACC_UDE_VALUES_AMND_HIST","MAINT_RSLV_FLAG","VARCHAR2"
"CLTB_ACC_UDE_VALUES_AMND_HIST","RESOLVED_VALUE","NUMBER"
"CLTB_ACC_UDE_VALUES_AMND_HIST","AMND_EFF_DATE","DATE"
"CLTB_ACC_UDE_VALUES_AMND_HIST","VAMI_ESN","NUMBER"
"CLTB_SETTL_DETAILS_HISTORY","OTHER_DETAILS_TYPE6","VARCHAR2"
"CLTB_SETTL_DETAILS_HISTORY","STATUS","VARCHAR2"
"CLTB_SETTL_DETAILS_HISTORY","OTHER_DETAILS1","VARCHAR2"
"CLTB_SETTL_DETAILS_HISTORY","OTHER_DETAILS2","VARCHAR2"
"CLTB_SETTL_DETAILS_HISTORY","OTHER_DETAILS3","VARCHAR2"
"CLTB_SETTL_DETAILS_HISTORY","OTHER_DETAILS4","VARCHAR2"
"CLTB_SETTL_DETAILS_HISTORY","NETTING_ACROSS_MODULES","VARCHAR2"
"CLTB_SETTL_DETAILS_HISTORY","NETTING_REFERENCE_NO","VARCHAR2"
"CLTB_SETTL_DETAILS_HISTORY","COVER_BY","VARCHAR2"
"CLTB_SETTL_DETAILS_HISTORY","EXT_PROD_CATEGORY","VARCHAR2"
"CLTB_SETTL_DETAILS_HISTORY","EXT_STATION_ID","VARCHAR2"
"CLTB_SETTL_DETAILS_HISTORY","EXT_SOURCE","VARCHAR2"
"CLTB_SETTL_DETAILS_HISTORY","EXT_CPTY_AC_PREFIX","VARCHAR2"
"CLTB_SETTL_DETAILS_HISTORY","EXT_PARTY_BIC","VARCHAR2"
"CLTB_SETTL_DETAILS_HISTORY","EXT_PARTY_ACCOUNT","VARCHAR2"
"CLTB_SETTL_DETAILS_HISTORY","EXT_PARTY_NAME","VARCHAR2"
"CLTB_SETTL_DETAILS_HISTORY","REQD_103","VARCHAR2"
"CLTB_SETTL_DETAILS_HISTORY","REQD_103P","VARCHAR2"
"CLTB_SETTL_DETAILS_HISTORY","AGREEMENT_ID","VARCHAR2"
"CLTB_SETTL_DETAILS_HISTORY","POST_ACCOUNTING","VARCHAR2"
"CLTB_SETTL_DETAILS_HISTORY","XREF_PC_CONTRACT_REF_NO","VARCHAR2"
"CLTB_SETTL_DETAILS_HISTORY","EXT_PARTY_CLG_NTWK","VARCHAR2"
"CLTB_SETTL_DETAILS_HISTORY","CUST_SPREAD","NUMBER"
"CLTB_SETTL_DETAILS_HISTORY","EXTERNAL_EX_RATE","NUMBER"
"CLTB_SETTL_DETAILS_HISTORY","SPREAD_DEFN","VARCHAR2"
"CLTB_SETTL_DETAILS_HISTORY","RTGS_PAYMENT","VARCHAR2"
"CLTB_SETTL_DETAILS_HISTORY","BANKING_PRIORITY","VARCHAR2"
"CLTB_SETTL_DETAILS_HISTORY","RTGS_NETWORK","VARCHAR2"
"CLTB_SETTL_DETAILS_HISTORY","VERSION_NO","NUMBER"
"CLTB_SETTL_DETAILS_HISTORY","ACCOUNT_NUMBER","VARCHAR2"
"CLTB_SETTL_DETAILS_HISTORY","BRANCH_CODE","VARCHAR2"
"CLTB_SETTL_DETAILS_HISTORY","EVENT_SEQ_NO","NUMBER"
"CLTB_SETTL_DETAILS_HISTORY","AMOUNT_TAG","VARCHAR2"
"CLTB_SETTL_DETAILS_HISTORY","VERSION_FLAG","VARCHAR2"
"CLTB_SETTL_DETAILS_HISTORY","TAG_CCY","VARCHAR2"
"CLTB_SETTL_DETAILS_HISTORY","ACC_BRANCH","VARCHAR2"
"CLTB_SETTL_DETAILS_HISTORY","ACCOUNT","VARCHAR2"
"CLTB_SETTL_DETAILS_HISTORY","ACC_CCY","VARCHAR2"
"CLTB_SETTL_DETAILS_HISTORY","CCY_RESTRICTION","VARCHAR2"
"CLTB_SETTL_DETAILS_HISTORY","EX_RATE","NUMBER"
"CLTB_SETTL_DETAILS_HISTORY","VALUE_DATE","DATE"
"CLTB_SETTL_DETAILS_HISTORY","SETTLEMENT_AMT","NUMBER"
"CLTB_SETTL_DETAILS_HISTORY","PAY_RECEIVE","VARCHAR2"
"CLTB_SETTL_DETAILS_HISTORY","PAYMENT_BY","VARCHAR2"
"CLTB_SETTL_DETAILS_HISTORY","TRANSFER_TYPE","VARCHAR2"
"CLTB_SETTL_DETAILS_HISTORY","INSTRUMENT_TYPE","VARCHAR2"
"CLTB_SETTL_DETAILS_HISTORY","INSTRUMENT_NO","VARCHAR2"
"CLTB_SETTL_DETAILS_HISTORY","CHANGE_AC","VARCHAR2"
"CLTB_SETTL_DETAILS_HISTORY","CHANGE_RATE","VARCHAR2"
"CLTB_SETTL_DETAILS_HISTORY","PARTY_INFO_ALLOWED","VARCHAR2"
"CLTB_SETTL_DETAILS_HISTORY","COVER_REQUIRED","VARCHAR2"
"CLTB_SETTL_DETAILS_HISTORY","NETTING_INDICATOR","VARCHAR2"
"CLTB_SETTL_DETAILS_HISTORY","CHARGES_DETAILS","VARCHAR2"
"CLTB_SETTL_DETAILS_HISTORY","OUR_CORRESPONDENT","VARCHAR2"
"CLTB_SETTL_DETAILS_HISTORY","RECEIVER","VARCHAR2"
"CLTB_SETTL_DETAILS_HISTORY","INT_REIM_INST1","VARCHAR2"
"CLTB_SETTL_DETAILS_HISTORY","INT_REIM_INST2","VARCHAR2"
"CLTB_SETTL_DETAILS_HISTORY","INT_REIM_INST3","VARCHAR2"
"CLTB_SETTL_DETAILS_HISTORY","INT_REIM_INST4","VARCHAR2"
"CLTB_SETTL_DETAILS_HISTORY","RCVR_CORRESP1","VARCHAR2"
"CLTB_SETTL_DETAILS_HISTORY","RCVR_CORRESP2","VARCHAR2"
"CLTB_SETTL_DETAILS_HISTORY","RCVR_CORRESP3","VARCHAR2"
"CLTB_SETTL_DETAILS_HISTORY","RCVR_CORRESP4","VARCHAR2"
"CLTB_SETTL_DETAILS_HISTORY","INTERMEDIARY1","VARCHAR2"
"CLTB_SETTL_DETAILS_HISTORY","INTERMEDIARY2","VARCHAR2"
"CLTB_SETTL_DETAILS_HISTORY","INTERMEDIARY3","VARCHAR2"
"CLTB_SETTL_DETAILS_HISTORY","INTERMEDIARY4","VARCHAR2"
"CLTB_SETTL_DETAILS_HISTORY","ACC_WITH_INSTN1","VARCHAR2"
"CLTB_SETTL_DETAILS_HISTORY","ACC_WITH_INSTN2","VARCHAR2"
"CLTB_SETTL_DETAILS_HISTORY","ACC_WITH_INSTN3","VARCHAR2"
"CLTB_SETTL_DETAILS_HISTORY","ACC_WITH_INSTN4","VARCHAR2"
"CLTB_SETTL_DETAILS_HISTORY","PAYMENT_DETAILS1","VARCHAR2"
"CLTB_SETTL_DETAILS_HISTORY","PAYMENT_DETAILS2","VARCHAR2"
"CLTB_SETTL_DETAILS_HISTORY","PAYMENT_DETAILS3","VARCHAR2"
"CLTB_SETTL_DETAILS_HISTORY","PAYMENT_DETAILS4","VARCHAR2"
"CLTB_SETTL_DETAILS_HISTORY","SNDR_TO_RCVR_INFO1","VARCHAR2"
"CLTB_SETTL_DETAILS_HISTORY","SNDR_TO_RCVR_INFO2","VARCHAR2"
"CLTB_SETTL_DETAILS_HISTORY","SNDR_TO_RCVR_INFO3","VARCHAR2"
"CLTB_SETTL_DETAILS_HISTORY","SNDR_TO_RCVR_INFO4","VARCHAR2"
"CLTB_SETTL_DETAILS_HISTORY","SNDR_TO_RCVR_INFO5","VARCHAR2"
"CLTB_SETTL_DETAILS_HISTORY","SNDR_TO_RCVR_INFO6","VARCHAR2"
"CLTB_SETTL_DETAILS_HISTORY","ORDERING_INSTITUTION1","VARCHAR2"
"CLTB_SETTL_DETAILS_HISTORY","ORDERING_INSTITUTION2","VARCHAR2"
"CLTB_SETTL_DETAILS_HISTORY","ORDERING_INSTITUTION3","VARCHAR2"
"CLTB_SETTL_DETAILS_HISTORY","ORDERING_INSTITUTION4","VARCHAR2"
"CLTB_SETTL_DETAILS_HISTORY","ORDERING_CUSTOMER1","VARCHAR2"
"CLTB_SETTL_DETAILS_HISTORY","ORDERING_CUSTOMER2","VARCHAR2"
"CLTB_SETTL_DETAILS_HISTORY","ORDERING_CUSTOMER3","VARCHAR2"
"CLTB_SETTL_DETAILS_HISTORY","ORDERING_CUSTOMER4","VARCHAR2"
"CLTB_SETTL_DETAILS_HISTORY","BENEF_INSTITUTION1","VARCHAR2"
"CLTB_SETTL_DETAILS_HISTORY","BENEF_INSTITUTION2","VARCHAR2"
"CLTB_SETTL_DETAILS_HISTORY","BENEF_INSTITUTION3","VARCHAR2"
"CLTB_SETTL_DETAILS_HISTORY","BENEF_INSTITUTION4","VARCHAR2"
"CLTB_SETTL_DETAILS_HISTORY","ULT_BENEFICIARY1","VARCHAR2"
"CLTB_SETTL_DETAILS_HISTORY","ULT_BENEFICIARY2","VARCHAR2"
"CLTB_SETTL_DETAILS_HISTORY","ULT_BENEFICIARY3","VARCHAR2"
"CLTB_SETTL_DETAILS_HISTORY","ULT_BENEFICIARY4","VARCHAR2"
"CLTB_SETTL_DETAILS_HISTORY","EX_RATE_FLAG","VARCHAR2"
"CLTB_SETTL_DETAILS_HISTORY","ERI_CCY","VARCHAR2"
"CLTB_SETTL_DETAILS_HISTORY","ERI_AMOUNT","NUMBER"
"CLTB_SETTL_DETAILS_HISTORY","RATE_CODE_PREFERRED","VARCHAR2"
"CLTB_SETTL_DETAILS_HISTORY","ACC_WITH_INSTN5","VARCHAR2"
"CLTB_SETTL_DETAILS_HISTORY","BENEF_INSTITUTION5","VARCHAR2"
"CLTB_SETTL_DETAILS_HISTORY","INTERMEDIARY5","VARCHAR2"
"CLTB_SETTL_DETAILS_HISTORY","INT_REIM_INST5","VARCHAR2"
"CLTB_SETTL_DETAILS_HISTORY","ORDERING_CUSTOMER5","VARCHAR2"
"CLTB_SETTL_DETAILS_HISTORY","ORDERING_INSTITUTION5","VARCHAR2"
"CLTB_SETTL_DETAILS_HISTORY","RCVR_CORRESP5","VARCHAR2"
"CLTB_SETTL_DETAILS_HISTORY","ULT_BENEFICIARY5","VARCHAR2"
"CLTB_SETTL_DETAILS_HISTORY","SEND_MESG","VARCHAR2"
"CLTB_SETTL_DETAILS_HISTORY","MIN_EVENT_SEQ_NO","NUMBER"
"CLTB_SETTL_DETAILS_HISTORY","INTERPAY_GENERATED","VARCHAR2"
"CLTB_SETTL_DETAILS_HISTORY","BENEF_INST1_FOR_COVER","VARCHAR2"
"CLTB_SETTL_DETAILS_HISTORY","BENEF_INST2_FOR_COVER","VARCHAR2"
"CLTB_SETTL_DETAILS_HISTORY","BENEF_INST3_FOR_COVER","VARCHAR2"
"CLTB_SETTL_DETAILS_HISTORY","BENEF_INST4_FOR_COVER","VARCHAR2"
"CLTB_SETTL_DETAILS_HISTORY","BENEF_INST5_FOR_COVER","VARCHAR2"
"CLTB_SETTL_DETAILS_HISTORY","CLEARING_NETWORK","VARCHAR2"
"CLTB_SETTL_DETAILS_HISTORY","GENERATION_DATE","DATE"
"CLTB_SETTL_DETAILS_HISTORY","IBAN_AC_NO","VARCHAR2"
"CLTB_SETTL_DETAILS_HISTORY","ISSUING_BANK","VARCHAR2"
"CLTB_SETTL_DETAILS_HISTORY","PAYABLE_BRANCH","VARCHAR2"
"CLTB_SETTL_DETAILS_HISTORY","PRINTED_STATIONARY_NO","VARCHAR2"
"CLTB_SETTL_DETAILS_HISTORY","ROUTING_NO","VARCHAR2"
"CLTB_SETTL_DETAILS_HISTORY","OTHER_DETAILS5","VARCHAR2"
"CLTB_SETTL_DETAILS_HISTORY","OTHER_DETAILS6","VARCHAR2"
"CLTB_SETTL_DETAILS_HISTORY","OTHER_DETAILS_TYPE1","VARCHAR2"
"CLTB_SETTL_DETAILS_HISTORY","OTHER_DETAILS_TYPE2","VARCHAR2"
"CLTB_SETTL_DETAILS_HISTORY","OTHER_DETAILS_TYPE3","VARCHAR2"
"CLTB_SETTL_DETAILS_HISTORY","OTHER_DETAILS_TYPE4","VARCHAR2"
"CLTB_SETTL_DETAILS_HISTORY","OTHER_DETAILS_TYPE5","VARCHAR2"
"CLTB_ACCOUNT_IRR","BRANCH_CODE","VARCHAR2"
"CLTB_ACCOUNT_IRR","ACCOUNT_NUMBER","VARCHAR2"
"CLTB_ACCOUNT_IRR","EFFECTIVE_DATE","DATE"
"CLTB_ACCOUNT_IRR","IRR","NUMBER"
"CLTB_ACCOUNT_IRR","ACCRUED_AMOUNT","NUMBER"
"CLTB_ACCOUNT_IRR","NPV","NUMBER"
"CLTB_ACCOUNT_IRR","ACQ_TYPE","VARCHAR2"
"CLTB_ACCOUNT_IRR","CUR_NPV_ACCRUED","NUMBER"
"CLTB_ACCOUNT_IRR","CALC_NPV","NUMBER"
"CLTB_ACCOUNT_IRR","NPV_CALC_DATE","DATE"
"CLTB_ACCOUNT_IRR","TO_BE_ACCRUED","NUMBER"
"CLTB_ACCOUNT_IRR","INT_ADJUSTMENT","NUMBER"
"CLTB_ACCOUNT_IRR","IRR_ON_OUTSTANDING","VARCHAR2"
"CLTB_LIQ_COMP_SUMMARY","ACCOUNT_NUMBER","VARCHAR2"
"CLTB_LIQ_COMP_SUMMARY","BRANCH_CODE","VARCHAR2"
"CLTB_LIQ_COMP_SUMMARY","EVENT_SEQ_NO","NUMBER"
"CLTB_LIQ_COMP_SUMMARY","COMPONENT_NAME","VARCHAR2"
"CLTB_LIQ_COMP_SUMMARY","COMPONENT_CCY","VARCHAR2"
"CLTB_LIQ_COMP_SUMMARY","AMOUNT_DUE","NUMBER"
"CLTB_LIQ_COMP_SUMMARY","ADJ_AMOUNT","NUMBER"
"CLTB_LIQ_COMP_SUMMARY","AMOUNT_OVERDUE","NUMBER"
"CLTB_LIQ_COMP_SUMMARY","AMOUNT_NOT_DUE","NUMBER"
"CLTB_LIQ_COMP_SUMMARY","AMOUNT_WAIVED","NUMBER"
"CLTB_LIQ_COMP_SUMMARY","AMOUNT_CAPITALIZED","NUMBER"
"CLTB_LIQ_COMP_SUMMARY","AMOUNT_PAID","NUMBER"
"CLTB_ACCOUNT_PARTIES_HISTORY","ACCOUNT_NUMBER","VARCHAR2"
"CLTB_ACCOUNT_PARTIES_HISTORY","BRANCH_CODE","VARCHAR2"
"CLTB_ACCOUNT_PARTIES_HISTORY","CUSTOMER_ID","VARCHAR2"
"CLTB_ACCOUNT_PARTIES_HISTORY","CUSTOMER_NAME","VARCHAR2"
"CLTB_ACCOUNT_PARTIES_HISTORY","RESPONSIBILITY","VARCHAR2"
"CLTB_ACCOUNT_PARTIES_HISTORY","LIABILITY","NUMBER"
"CLTB_ACCOUNT_PARTIES_HISTORY","VERSION_NO","NUMBER"
"CLTB_ACCOUNT_PARTIES_HISTORY","LIABILITY_AMT","NUMBER"
"CLTB_ACCOUNT_PARTIES_HISTORY","EFFECTIVE_DATE","DATE"
"CLTB_TEXT_DESC","ENG_TEXT","VARCHAR2"
"CLTB_TEXT_DESC","LANG_CODE","VARCHAR2"
"CLTB_TEXT_DESC","LANG_TEXT","VARCHAR2"
"CLTB_TEXT_DESC","LANG_DESC","VARCHAR2"
"CLTM_PRODUCT_DFLT_SCHEDULES","PRODUCT_CODE","VARCHAR2"
"CLTM_PRODUCT_DFLT_SCHEDULES","COMPONENT_NAME","VARCHAR2"
"CLTM_PRODUCT_DFLT_SCHEDULES","SCHEDULE_TYPE","VARCHAR2"
"CLTM_PRODUCT_DFLT_SCHEDULES","START_REFERENCE","VARCHAR2"
"CLTM_PRODUCT_DFLT_SCHEDULES","FREQUENCY","NUMBER"
"CLTM_PRODUCT_DFLT_SCHEDULES","FREQUENCY_UNIT","VARCHAR2"
"CLTM_PRODUCT_DFLT_SCHEDULES","START_DAY","VARCHAR2"
"CLTM_PRODUCT_DFLT_SCHEDULES","START_DATE","NUMBER"
"CLTM_PRODUCT_DFLT_SCHEDULES","START_MONTH","NUMBER"
"CLTM_PRODUCT_DFLT_SCHEDULES","NO_OF_SCHEDULES","NUMBER"
"CLTM_PRODUCT_DFLT_SCHEDULES","FORMULA_NAME","VARCHAR2"
"CLTM_PRODUCT_DFLT_SCHEDULES","SEQ_NO","NUMBER"
"CLTM_PRODUCT_DFLT_SCHEDULES","SCHEDULE_FLAG","VARCHAR2"
"CLTM_PRODUCT_DFLT_SCHEDULES","CAPITALIZED","VARCHAR2"
"CLTM_PRODUCT_DFLT_SCHEDULES","DUE_DATES_ON","NUMBER"
"CLTM_PRODUCT_COMP_FRM_EXPR","PRODUCT_CODE","VARCHAR2"
"CLTM_PRODUCT_COMP_FRM_EXPR","COMPONENT_NAME","VARCHAR2"
"CLTM_PRODUCT_COMP_FRM_EXPR","FORMULA_NAME","VARCHAR2"
"CLTM_PRODUCT_COMP_FRM_EXPR","EXPR_LINE","NUMBER"
"CLTM_PRODUCT_COMP_FRM_EXPR","EXPR_TYPE","VARCHAR2"
"CLTM_PRODUCT_COMP_FRM_EXPR","COND","VARCHAR2"
"CLTM_PRODUCT_COMP_FRM_EXPR","RESULT","VARCHAR2"
"CLTM_PRODUCT_COMP_FRM_EXPR","FORMULA_TYPE","VARCHAR2"
"CLTB_ACCOUNT_COMP_HISTORY","CLG_PROD_CODE_CR","VARCHAR2"
"CLTB_ACCOUNT_COMP_HISTORY","SECTOR_CODE_CR","VARCHAR2"
"CLTB_ACCOUNT_COMP_HISTORY","INSTRUMENT_NO_DR","VARCHAR2"
"CLTB_ACCOUNT_COMP_HISTORY","ROUTING_NO_DR","VARCHAR2"
"CLTB_ACCOUNT_COMP_HISTORY","END_POINT_DR","VARCHAR2"
"CLTB_ACCOUNT_COMP_HISTORY","CLG_PROD_CODE_DR","VARCHAR2"
"CLTB_ACCOUNT_COMP_HISTORY","SECTOR_CODE_DR","VARCHAR2"
"CLTB_ACCOUNT_COMP_HISTORY","FUND_DURING_INIT","VARCHAR2"
"CLTB_ACCOUNT_COMP_HISTORY","FUND_DURING_ROLL","VARCHAR2"
"CLTB_ACCOUNT_COMP_HISTORY","COMPONENT_CCY","VARCHAR2"
"CLTB_ACCOUNT_COMP_HISTORY","UPLOAD_SOURCE_DR","VARCHAR2"
"CLTB_ACCOUNT_COMP_HISTORY","UPLOAD_SOURCE_CR","VARCHAR2"
"CLTB_ACCOUNT_COMP_HISTORY","VERIFY_FUNDS","VARCHAR2"
"CLTB_ACCOUNT_COMP_HISTORY","DAYS_MTH","VARCHAR2"
"CLTB_ACCOUNT_COMP_HISTORY","DAYS_YEAR","VARCHAR2"
"CLTB_ACCOUNT_COMP_HISTORY","GIRO_MODE_DR","VARCHAR2"
"CLTB_ACCOUNT_COMP_HISTORY","GIRO_SERVICE_DR","VARCHAR2"
"CLTB_ACCOUNT_COMP_HISTORY","GIRO_NUMBER_DR","VARCHAR2"
"CLTB_ACCOUNT_COMP_HISTORY","PAYER_ACC_NO_DR","VARCHAR2"
"CLTB_ACCOUNT_COMP_HISTORY","PAYER_BANK_CODE_DR","VARCHAR2"
"CLTB_ACCOUNT_COMP_HISTORY","PAYER_BRANCH_DR","VARCHAR2"
"CLTB_ACCOUNT_COMP_HISTORY","PAYER_ADDRESS1_DR","VARCHAR2"
"CLTB_ACCOUNT_COMP_HISTORY","PAYER_ADDRESS2_DR","VARCHAR2"
"CLTB_ACCOUNT_COMP_HISTORY","PAYER_ADDRESS3_DR","VARCHAR2"
"CLTB_ACCOUNT_COMP_HISTORY","PAYER_ADDRESS4_DR","VARCHAR2"
"CLTB_ACCOUNT_COMP_HISTORY","GIRO_MODE_CR","VARCHAR2"
"CLTB_ACCOUNT_COMP_HISTORY","GIRO_SERVICE_CR","VARCHAR2"
"CLTB_ACCOUNT_COMP_HISTORY","GIRO_NUMBER_CR","VARCHAR2"
"CLTB_ACCOUNT_COMP_HISTORY","PAYER_ACC_NO_CR","VARCHAR2"
"CLTB_ACCOUNT_COMP_HISTORY","PAYER_BANK_CODE_CR","VARCHAR2"
"CLTB_ACCOUNT_COMP_HISTORY","PAYER_BRANCH_CR","VARCHAR2"
"CLTB_ACCOUNT_COMP_HISTORY","PAYER_ADDRESS1_CR","VARCHAR2"
"CLTB_ACCOUNT_COMP_HISTORY","PAYER_ADDRESS2_CR","VARCHAR2"
"CLTB_ACCOUNT_COMP_HISTORY","PAYER_ADDRESS3_CR","VARCHAR2"
"CLTB_ACCOUNT_COMP_HISTORY","PAYER_ADDRESS4_CR","VARCHAR2"
"CLTB_ACCOUNT_COMP_HISTORY","IRR_APPLICABLE","CHAR"
"CLTB_ACCOUNT_COMP_HISTORY","EXCHANGE_RATE","NUMBER"
"CLTB_ACCOUNT_COMP_HISTORY","NEGOTIATED_RATE","NUMBER"
"CLTB_ACCOUNT_COMP_HISTORY","NEGOTIATION_REF_NO","VARCHAR2"
"CLTB_ACCOUNT_COMP_HISTORY","ORG_EXCH_RATE","NUMBER"
"CLTB_ACCOUNT_COMP_HISTORY","EXCHANGE_RATE_DR","NUMBER"
"CLTB_ACCOUNT_COMP_HISTORY","NEGOTIATED_RATE_DR","NUMBER"
"CLTB_ACCOUNT_COMP_HISTORY","NEGOTIATION_REF_NO_DR","VARCHAR2"
"CLTB_ACCOUNT_COMP_HISTORY","ORG_EXCH_RATE_DR","NUMBER"
"CLTB_ACCOUNT_COMP_HISTORY","USE_GUARANTOR","VARCHAR2"
"CLTB_ACCOUNT_COMP_HISTORY","EQUAL_PROFIT","VARCHAR2"
"CLTB_ACCOUNT_COMP_HISTORY","RE_PAYMENT_MODE","VARCHAR2"
"CLTB_ACCOUNT_COMP_HISTORY","RE_PROD_AC","VARCHAR2"
"CLTB_ACCOUNT_COMP_HISTORY","EXT_ACC_NO_RE","VARCHAR2"
"CLTB_ACCOUNT_COMP_HISTORY","EXT_ACC_NAME_RE","VARCHAR2"
"CLTB_ACCOUNT_COMP_HISTORY","CLG_BANK_CODE_RE","VARCHAR2"
"CLTB_ACCOUNT_COMP_HISTORY","CLG_BRN_CODE_RE","VARCHAR2"
"CLTB_ACCOUNT_COMP_HISTORY","INSTRUMENT_NO_RE","VARCHAR2"
"CLTB_ACCOUNT_COMP_HISTORY","ROUTING_NO_RE","VARCHAR2"
"CLTB_ACCOUNT_COMP_HISTORY","END_POINT_RE","VARCHAR2"
"CLTB_ACCOUNT_COMP_HISTORY","SECTOR_CODE_RE","VARCHAR2"
"CLTB_ACCOUNT_COMP_HISTORY","UPLOAD_SOURCE_RE","VARCHAR2"
"CLTB_ACCOUNT_COMP_HISTORY","GIRO_SERVICE_RE","VARCHAR2"
"CLTB_ACCOUNT_COMP_HISTORY","PAYER_BRANCH_RE","VARCHAR2"
"CLTB_ACCOUNT_COMP_HISTORY","PAYER_ADDRESS1_RE","VARCHAR2"
"CLTB_ACCOUNT_COMP_HISTORY","PAYER_ADDRESS2_RE","VARCHAR2"
"CLTB_ACCOUNT_COMP_HISTORY","PAYER_ADDRESS3_RE","VARCHAR2"
"CLTB_ACCOUNT_COMP_HISTORY","PAYER_ADDRESS4_RE","VARCHAR2"
"CLTB_ACCOUNT_COMP_HISTORY","RE_ACC_BRN","VARCHAR2"
"CLTB_ACCOUNT_COMP_HISTORY","CLG_PROD_CODE_RE","VARCHAR2"
"CLTB_ACCOUNT_COMP_HISTORY","GIRO_MODE_RE","VARCHAR2"
"CLTB_ACCOUNT_COMP_HISTORY","GIRO_NUMBER_RE","VARCHAR2"
"CLTB_ACCOUNT_COMP_HISTORY","PAYER_ACC_NO_RE","VARCHAR2"
"CLTB_ACCOUNT_COMP_HISTORY","PAYER_BANK_CODE_RE","VARCHAR2"
"CLTB_ACCOUNT_COMP_HISTORY","PC_CAT_RE","VARCHAR2"
"CLTB_ACCOUNT_COMP_HISTORY","LIQUIDATION_MODE","VARCHAR2"
"CLTB_ACCOUNT_COMP_HISTORY","ACCOUNT_NUMBER","VARCHAR2"
"CLTB_ACCOUNT_COMP_HISTORY","BRANCH_CODE","VARCHAR2"
"CLTB_ACCOUNT_COMP_HISTORY","COMPONENT_NAME","VARCHAR2"
"CLTB_ACCOUNT_COMP_HISTORY","VERSION_NO","NUMBER"
"CLTB_ACCOUNT_COMP_HISTORY","SETTLEMENT_CCY","VARCHAR2"
"CLTB_ACCOUNT_COMP_HISTORY","COMPONENT_TYPE","VARCHAR2"
"CLTB_ACCOUNT_COMP_HISTORY","MAIN_COMPONENT","VARCHAR2"
"CLTB_ACCOUNT_COMP_HISTORY","SPL_INTEREST","VARCHAR2"
"CLTB_ACCOUNT_COMP_HISTORY","SPL_INTEREST_AMT","NUMBER"
"CLTB_ACCOUNT_COMP_HISTORY","PENAL_BASIS_COMP","VARCHAR2"
"CLTB_ACCOUNT_COMP_HISTORY","CAPITALIZED","VARCHAR2"
"CLTB_ACCOUNT_COMP_HISTORY","DR_PAYMENT_MODE","VARCHAR2"
"CLTB_ACCOUNT_COMP_HISTORY","CR_PAYMENT_MODE","VARCHAR2"
"CLTB_ACCOUNT_COMP_HISTORY","DR_PROD_AC","VARCHAR2"
"CLTB_ACCOUNT_COMP_HISTORY","CR_PROD_AC","VARCHAR2"
"CLTB_ACCOUNT_COMP_HISTORY","WAIVE","VARCHAR2"
"CLTB_ACCOUNT_COMP_HISTORY","DR_ACC_BRN","VARCHAR2"
"CLTB_ACCOUNT_COMP_HISTORY","CR_ACC_BRN","VARCHAR2"
"CLTB_ACCOUNT_COMP_HISTORY","SVC_ACC_AC","VARCHAR2"
"CLTB_ACCOUNT_COMP_HISTORY","SVC_ACC_BRN","VARCHAR2"
"CLTB_ACCOUNT_COMP_HISTORY","EXT_ACC_NO_CR","VARCHAR2"
"CLTB_ACCOUNT_COMP_HISTORY","EXT_ACC_NAME_CR","VARCHAR2"
"CLTB_ACCOUNT_COMP_HISTORY","CLG_BANK_CODE_CR","VARCHAR2"
"CLTB_ACCOUNT_COMP_HISTORY","CLG_BRN_CODE_CR","VARCHAR2"
"CLTB_ACCOUNT_COMP_HISTORY","PC_CAT_CR","VARCHAR2"
"CLTB_ACCOUNT_COMP_HISTORY","EXT_ACC_NO_DR","VARCHAR2"
"CLTB_ACCOUNT_COMP_HISTORY","EXT_ACC_NAME_DR","VARCHAR2"
"CLTB_ACCOUNT_COMP_HISTORY","CLG_BANK_CODE_DR","VARCHAR2"
"CLTB_ACCOUNT_COMP_HISTORY","CLG_BRN_CODE_DR","VARCHAR2"
"CLTB_ACCOUNT_COMP_HISTORY","PC_CAT_DR","VARCHAR2"
"CLTB_ACCOUNT_COMP_HISTORY","CARD_NO","VARCHAR2"
"CLTB_ACCOUNT_COMP_HISTORY","INSTRUMENT_NO_CR","VARCHAR2"
"CLTB_ACCOUNT_COMP_HISTORY","ROUTING_NO_CR","VARCHAR2"
"CLTB_ACCOUNT_COMP_HISTORY","END_POINT_CR","VARCHAR2"
"CLTB_COMP_CALC_HISTORY","BRANCH_CODE","VARCHAR2"
"CLTB_COMP_CALC_HISTORY","ACCOUNT_NUMBER","VARCHAR2"
"CLTB_COMP_CALC_HISTORY","COMPONENT_NAME","VARCHAR2"
"CLTB_COMP_CALC_HISTORY","FORMULA_NAME","VARCHAR2"
"CLTB_COMP_CALC_HISTORY","SCH_DUE_DATE","DATE"
"CLTB_COMP_CALC_HISTORY","START_DATE","DATE"
"CLTB_COMP_CALC_HISTORY","END_DATE","DATE"
"CLTB_COMP_CALC_HISTORY","NO_OF_DAYS","NUMBER"
"CLTB_COMP_CALC_HISTORY","PRODUCT","VARCHAR2"
"CLTB_COMP_CALC_HISTORY","CURRENCY","VARCHAR2"
"CLTB_COMP_CALC_HISTORY","EXPR_LINE","VARCHAR2"
"CLTB_COMP_CALC_HISTORY","ACCR_TILL_DATE","NUMBER"
"CLTB_COMP_CALC_HISTORY","DLY_AVG_AMT","NUMBER"
"CLTB_COMP_CALC_HISTORY","IS_DUE_TO_SUB_COMP","VARCHAR2"
"CLTB_COMP_CALC_HISTORY","SCH_START_DATE","DATE"
"CLTB_COMP_CALC_HISTORY","FORMULA_GROUP","VARCHAR2"
"CLTB_COMP_CALC_HISTORY","VERSION_NO","NUMBER"
"CLTM_PRODUCT_UDE_VALUES","PRODUCT_CODE","VARCHAR2"
"CLTM_PRODUCT_UDE_VALUES","UDE_RULE_CODE","VARCHAR2"
"CLTM_PRODUCT_UDE_VALUES","UDE_EFF_DT","DATE"
"CLTM_PRODUCT_UDE_VALUES","UDE_ID","VARCHAR2"
"CLTM_PRODUCT_UDE_VALUES","CCY_CODE","VARCHAR2"
"CLTM_PRODUCT_UDE_VALUES","UDE_VALUE","NUMBER"
"CLTM_PRODUCT_UDE_VALUES","RATE_CODE","VARCHAR2"
"CLTM_PRODUCT_UDE_VALUES","CODE_USAGE","VARCHAR2"
"CLTM_PRODUCT_UDE_VALUES","CASCADE","VARCHAR2"
"CLTM_PRODUCT_UDE_VALUES","UDE_CCY","VARCHAR2"
"CLTM_PRODUCT_STCH_ACCT_ENTRY","PRODUCT_CODE","VARCHAR2"
"CLTM_PRODUCT_STCH_ACCT_ENTRY","TRANSACTION_CODE","VARCHAR2"
"CLTM_PRODUCT_STCH_ACCT_ENTRY","FROM_STATUS","VARCHAR2"
"CLTM_PRODUCT_STCH_ACCT_ENTRY","TO_STATUS","VARCHAR2"
"CLTM_PRODUCT_STCH_ACCT_ENTRY","DR_CR_INDICATOR","VARCHAR2"
"CLTM_PRODUCT_STCH_ACCT_ENTRY","NETTING_INDICATOR","VARCHAR2"
"CLTM_PRODUCT_STCH_ACCT_ENTRY","EVENT_CODE","VARCHAR2"
"CLTM_PRODUCT_STCH_ACCT_ENTRY","ACCOUNT_ROLE_CODE","VARCHAR2"
"CLTM_PRODUCT_STCH_ACCT_ENTRY","AMT_TAG","VARCHAR2"
"CLTM_PRODUCT_STCH_ACCT_ENTRY","ROLE_TYPE","VARCHAR2"
"CLTM_PRODUCT_STCH_ACCT_ENTRY","AMOUNT_TAG_TYPE","VARCHAR2"
"CLTM_PRODUCT_STCH_ACCT_ENTRY","MIS_HEAD","VARCHAR2"
"CLTM_PRODUCT_STCH_ACCT_ENTRY","GLMIS_UPDATE_FLAG","VARCHAR2"
"CLTM_PRODUCT_STCH_ACCT_ENTRY","REVAL_REQUIRED","VARCHAR2"
"CLTM_PRODUCT_STCH_ACCT_ENTRY","REVAL_PROFIT_GL","VARCHAR2"
"CLTM_PRODUCT_STCH_ACCT_ENTRY","REVAL_LOSS_GL","VARCHAR2"
"CLTM_PRODUCT_STCH_ACCT_ENTRY","REVAL_RATE_CODE","VARCHAR2"
"CLTM_PRODUCT_STCH_ACCT_ENTRY","REVAL_TXN_CODE","VARCHAR2"
"CLTM_PRODUCT_STCH_ACCT_ENTRY","MIS_SPREAD","VARCHAR2"
"CLTM_PRODUCT_STCH_ACCT_ENTRY","HOLIDAY_TREATMENT","VARCHAR2"
"CLTM_PRODUCT_STCH_ACCT_ENTRY","RESCH_BULLET_NON_DUE","VARCHAR2"
"CLTM_PRODUCT_STCH_ACCT_ENTRY","RESCH_REPOP","VARCHAR2"
"CLTM_PRODUCT_STCH_ACCT_ENTRY","GAAP_INDICATOR","VARCHAR2"
"CLTM_PRODUCT_STCH_ACCT_ENTRY","BAL_CHK_BATCH","VARCHAR2"
"CLTM_PRODUCT_STCH_ACCT_ENTRY","DELINQUENCY_PRODUCT","VARCHAR2"
"CLTM_PRODUCT_STCH_ACCT_ENTRY","ENTRY_PAIR_NO","NUMBER"
"CLTM_PRODUCT_SDE","PRODUCT_CODE","VARCHAR2"
"CLTM_PRODUCT_SDE","SDE_ID","VARCHAR2"
"CLTM_PRODUCT_SDE","SDE_DATATYPE","VARCHAR2"
"CLTM_PRODUCT_SDE","RULE_USED_IN","VARCHAR2"
"CLTM_PRODUCT_EVENT_RULES_ADV","PRODUCT_CODE","VARCHAR2"
"CLTM_PRODUCT_EVENT_RULES_ADV","EVENT_CODE","VARCHAR2"
"CLTM_PRODUCT_EVENT_RULES_ADV","ADV_RULE_NO","NUMBER"
"CLTM_PRODUCT_EVENT_RULES_ADV","MSG_TYPE","VARCHAR2"
"CLTM_PRODUCT_EVENT_RULES_ADV","GENERATION_TIME","VARCHAR2"
"CLTM_PRODUCT_EVENT_RULES_ADV","SUPPRESS","VARCHAR2"
"CLTM_PRODUCT_EVENT_RULES_ADV","PRIORITY","NUMBER"
"CLTM_PRODUCT_EVENT_RULES_ADV","CHG_REQD","VARCHAR2"
"CLTM_PRODUCT_EVENT_RULES_ADV","FORMAT","VARCHAR2"
"CLTM_PRODUCT_UDE_RULES","PRODUCT_CODE","VARCHAR2"
"CLTM_PRODUCT_UDE_RULES","UDE_RULE_CODE","VARCHAR2"
"CLTM_PRODUCT_UDE_RULES","CCY_CODE","VARCHAR2"
"CLTM_PRODUCT_EVENT_RULES_ENTRY","PRODUCT_CODE","VARCHAR2"
"CLTM_PRODUCT_EVENT_RULES_ENTRY","EVENT_CODE","VARCHAR2"
"CLTM_PRODUCT_EVENT_RULES_ENTRY","ACT_RULE_NO","NUMBER"
"CLTM_PRODUCT_EVENT_RULES_ENTRY","TRANSACTION_CODE","VARCHAR2"
"CLTM_PRODUCT_EVENT_RULES_ENTRY","DR_CR_INDICATOR","VARCHAR2"
"CLTM_PRODUCT_EVENT_RULES_ENTRY","NETTING_INDICATOR","VARCHAR2"
"CLTM_PRODUCT_EVENT_RULES_ENTRY","ACCOUNT_ROLE_CODE","VARCHAR2"
"CLTM_PRODUCT_EVENT_RULES_ENTRY","AMT_TAG","VARCHAR2"
"CLTM_PRODUCT_EVENT_RULES_ENTRY","ROLE_TYPE","VARCHAR2"
"CLTM_PRODUCT_EVENT_RULES_ENTRY","AMOUNT_TAG_TYPE","VARCHAR2"
"CLTM_PRODUCT_EVENT_RULES_ENTRY","MIS_HEAD","VARCHAR2"
"CLTM_PRODUCT_EVENT_RULES_ENTRY","GLMIS_UPDATE_FLAG","VARCHAR2"
"CLTM_PRODUCT_EVENT_RULES_ENTRY","REVAL_REQUIRED","VARCHAR2"
"CLTM_PRODUCT_EVENT_RULES_ENTRY","REVAL_PROFIT_GL","VARCHAR2"
"CLTM_PRODUCT_EVENT_RULES_ENTRY","REVAL_LOSS_GL","VARCHAR2"
"CLTM_PRODUCT_EVENT_RULES_ENTRY","REVAL_RATE_CODE","VARCHAR2"
"CLTM_PRODUCT_EVENT_RULES_ENTRY","REVAL_TXN_CODE","VARCHAR2"
"CLTM_PRODUCT_EVENT_RULES_ENTRY","MIS_SPREAD","VARCHAR2"
"CLTM_PRODUCT_EVENT_RULES_ENTRY","HOLIDAY_TREATMENT","VARCHAR2"
"CLTM_PRODUCT_EVENT_RULES_ENTRY","RESCH_BULLET_NON_DUE","VARCHAR2"
"CLTM_PRODUCT_EVENT_RULES_ENTRY","RESCH_REPOP","VARCHAR2"
"CLTM_PRODUCT_EVENT_RULES_ENTRY","GAAP_INDICATOR","VARCHAR2"
"CLTM_PRODUCT_EVENT_RULES_ENTRY","BAL_CHK_BATCH","VARCHAR2"
"CLTM_PRODUCT_EVENT_RULES_ENTRY","DELINQUENCY_PRODUCT","VARCHAR2"
"CLTM_PRODUCT_EVENT_RULES_ENTRY","ENTRY_PAIR_NO","NUMBER"
"CLTM_PRODUCT_EVENT_RULES_ENTRY","RATE_TYPE_INDICATOR","VARCHAR2"
"CLTB_ACC_PENL_PROCESED","ACCOUNT_NUMBER","VARCHAR2"
"CLTB_ACC_PENL_PROCESED","BRANCH_CODE","VARCHAR2"
"CLTB_ACC_PENL_PROCESED","PROCESSING_DATE","DATE"
"CLTB_ACC_PENL_PROCESED","STATUS","VARCHAR2"
"CLTB_ACCOUNT_COMP_SCH_HISTORY","COMPOUND_YEARS","NUMBER"
"CLTB_ACCOUNT_COMP_SCH_HISTORY","EMI_AMOUNT","NUMBER"
"CLTB_ACCOUNT_COMP_SCH_HISTORY","DAYS_MTH","VARCHAR2"
"CLTB_ACCOUNT_COMP_SCH_HISTORY","DAYS_YEAR","VARCHAR2"
"CLTB_ACCOUNT_COMP_SCH_HISTORY","DP_AMOUNT","NUMBER"
"CLTB_ACCOUNT_COMP_SCH_HISTORY","PAY_MODE","VARCHAR2"
"CLTB_ACCOUNT_COMP_SCH_HISTORY","PAYABLE_ACC","VARCHAR2"
"CLTB_ACCOUNT_COMP_SCH_HISTORY","EXCH_RATE","NUMBER"
"CLTB_ACCOUNT_COMP_SCH_HISTORY","PAYABLE_ACC_CCY","VARCHAR2"
"CLTB_ACCOUNT_COMP_SCH_HISTORY","EMI_AS_PERCENTAGE_SALARY","NUMBER"
"CLTB_ACCOUNT_COMP_SCH_HISTORY","ACCOUNT_NUMBER","VARCHAR2"
"CLTB_ACCOUNT_COMP_SCH_HISTORY","BRANCH_CODE","VARCHAR2"
"CLTB_ACCOUNT_COMP_SCH_HISTORY","COMPONENT_NAME","VARCHAR2"
"CLTB_ACCOUNT_COMP_SCH_HISTORY","SCHEDULE_TYPE","VARCHAR2"
"CLTB_ACCOUNT_COMP_SCH_HISTORY","SCHEDULE_FLAG","VARCHAR2"
"CLTB_ACCOUNT_COMP_SCH_HISTORY","FORMULA_NAME","VARCHAR2"
"CLTB_ACCOUNT_COMP_SCH_HISTORY","SCH_START_DATE","DATE"
"CLTB_ACCOUNT_COMP_SCH_HISTORY","NO_OF_SCHEDULES","NUMBER"
"CLTB_ACCOUNT_COMP_SCH_HISTORY","FREQUENCY","NUMBER"
"CLTB_ACCOUNT_COMP_SCH_HISTORY","UNIT","VARCHAR2"
"CLTB_ACCOUNT_COMP_SCH_HISTORY","SCH_END_DATE","DATE"
"CLTB_ACCOUNT_COMP_SCH_HISTORY","AMOUNT","NUMBER"
"CLTB_ACCOUNT_COMP_SCH_HISTORY","PAYMENT_MODE","VARCHAR2"
"CLTB_ACCOUNT_COMP_SCH_HISTORY","PMNT_PROD_AC","VARCHAR2"
"CLTB_ACCOUNT_COMP_SCH_HISTORY","PAYMENT_DETAILS","VARCHAR2"
"CLTB_ACCOUNT_COMP_SCH_HISTORY","BEN_ACCOUNT","VARCHAR2"
"CLTB_ACCOUNT_COMP_SCH_HISTORY","BEN_BANK","VARCHAR2"
"CLTB_ACCOUNT_COMP_SCH_HISTORY","BEN_NAME","VARCHAR2"
"CLTB_ACCOUNT_COMP_SCH_HISTORY","VERSION_NO","NUMBER"
"CLTB_ACCOUNT_COMP_SCH_HISTORY","CAPITALIZED","VARCHAR2"
"CLTB_ACCOUNT_COMP_SCH_HISTORY","FIRST_DUE_DATE","DATE"
"CLTB_ACCOUNT_COMP_SCH_HISTORY","WAIVER_FLAG","VARCHAR2"
"CLTB_ACCOUNT_COMP_SCH_HISTORY","DUE_DATES_ON","NUMBER"
"CLTB_ACCOUNT_COMP_SCH_HISTORY","COMPOUND_DAYS","NUMBER"
"CLTB_ACCOUNT_COMP_SCH_HISTORY","COMPOUND_MONTHS","NUMBER"
"CLTB_ACCOUNT_CHANGE_LOG_HIST","ACCOUNT_NUMBER","VARCHAR2"
"CLTB_ACCOUNT_CHANGE_LOG_HIST","BRANCH_CODE","VARCHAR2"
"CLTB_ACCOUNT_CHANGE_LOG_HIST","VERSION_NO","NUMBER"
"CLTB_ACCOUNT_CHANGE_LOG_HIST","CHANGE_SEQ_NO","NUMBER"
"CLTB_ACCOUNT_CHANGE_LOG_HIST","EVENT_CHANGE_LOG","NUMBER"
"CLTB_ACCOUNT_CHANGE_LOG_HIST","DATE_CHANGED","DATE"
"CLTB_ACCOUNT_CHANGE_LOG_HIST","FIELD_CHANGED","VARCHAR2"
"CLTB_ACCOUNT_CHANGE_LOG_HIST","FIELD_DESCRIPTION","VARCHAR2"
"CLTB_ACCOUNT_CHANGE_LOG_HIST","OLD_VALUE","VARCHAR2"
"CLTB_ACCOUNT_CHANGE_LOG_HIST","NEW_VALUE","VARCHAR2"
"CLTB_ACCOUNT_CHANGE_LOG_HIST","ACTION","VARCHAR2"
"CLTB_ACCOUNT_CHANGE_LOG_HIST","TIMESTAMP","DATE"
"CLTB_ACCOUNT_SETTL_DETAILS","ORDERING_CUSTOMER5","VARCHAR2"
"CLTB_ACCOUNT_SETTL_DETAILS","ORDERING_INSTITUTION5","VARCHAR2"
"CLTB_ACCOUNT_SETTL_DETAILS","RCVR_CORRESP5","VARCHAR2"
"CLTB_ACCOUNT_SETTL_DETAILS","ULT_BENEFICIARY5","VARCHAR2"
"CLTB_ACCOUNT_SETTL_DETAILS","SEND_MESG","VARCHAR2"
"CLTB_ACCOUNT_SETTL_DETAILS","MIN_EVENT_SEQ_NO","NUMBER"
"CLTB_ACCOUNT_SETTL_DETAILS","INTERPAY_GENERATED","VARCHAR2"
"CLTB_ACCOUNT_SETTL_DETAILS","BENEF_INST1_FOR_COVER","VARCHAR2"
"CLTB_ACCOUNT_SETTL_DETAILS","BENEF_INST2_FOR_COVER","VARCHAR2"
"CLTB_ACCOUNT_SETTL_DETAILS","BENEF_INST3_FOR_COVER","VARCHAR2"
"CLTB_ACCOUNT_SETTL_DETAILS","BENEF_INST4_FOR_COVER","VARCHAR2"
"CLTB_ACCOUNT_SETTL_DETAILS","BENEF_INST5_FOR_COVER","VARCHAR2"
"CLTB_ACCOUNT_SETTL_DETAILS","CLEARING_NETWORK","VARCHAR2"
"CLTB_ACCOUNT_SETTL_DETAILS","GENERATION_DATE","DATE"
"CLTB_ACCOUNT_SETTL_DETAILS","IBAN_AC_NO","VARCHAR2"
"CLTB_ACCOUNT_SETTL_DETAILS","ISSUING_BANK","VARCHAR2"
"CLTB_ACCOUNT_SETTL_DETAILS","PAYABLE_BRANCH","VARCHAR2"
"CLTB_ACCOUNT_SETTL_DETAILS","PRINTED_STATIONARY_NO","VARCHAR2"
"CLTB_ACCOUNT_SETTL_DETAILS","ROUTING_NO","VARCHAR2"
"CLTB_ACCOUNT_SETTL_DETAILS","OTHER_DETAILS5","VARCHAR2"
"CLTB_ACCOUNT_SETTL_DETAILS","OTHER_DETAILS6","VARCHAR2"
"CLTB_ACCOUNT_SETTL_DETAILS","OTHER_DETAILS_TYPE1","VARCHAR2"
"CLTB_ACCOUNT_SETTL_DETAILS","OTHER_DETAILS_TYPE2","VARCHAR2"
"CLTB_ACCOUNT_SETTL_DETAILS","OTHER_DETAILS_TYPE3","VARCHAR2"
"CLTB_ACCOUNT_SETTL_DETAILS","OTHER_DETAILS_TYPE4","VARCHAR2"
"CLTB_ACCOUNT_SETTL_DETAILS","OTHER_DETAILS_TYPE5","VARCHAR2"
"CLTB_ACCOUNT_SETTL_DETAILS","OTHER_DETAILS_TYPE6","VARCHAR2"
"CLTB_ACCOUNT_SETTL_DETAILS","STATUS","VARCHAR2"
"CLTB_ACCOUNT_SETTL_DETAILS","OTHER_DETAILS1","VARCHAR2"
"CLTB_ACCOUNT_SETTL_DETAILS","OTHER_DETAILS2","VARCHAR2"
"CLTB_ACCOUNT_SETTL_DETAILS","OTHER_DETAILS3","VARCHAR2"
"CLTB_ACCOUNT_SETTL_DETAILS","OTHER_DETAILS4","VARCHAR2"
"CLTB_ACCOUNT_SETTL_DETAILS","NETTING_ACROSS_MODULES","VARCHAR2"
"CLTB_ACCOUNT_SETTL_DETAILS","NETTING_REFERENCE_NO","VARCHAR2"
"CLTB_ACCOUNT_SETTL_DETAILS","COVER_BY","VARCHAR2"
"CLTB_ACCOUNT_SETTL_DETAILS","EXT_PROD_CATEGORY","VARCHAR2"
"CLTB_ACCOUNT_SETTL_DETAILS","EXT_STATION_ID","VARCHAR2"
"CLTB_ACCOUNT_SETTL_DETAILS","EXT_SOURCE","VARCHAR2"
"CLTB_ACCOUNT_SETTL_DETAILS","EXT_CPTY_AC_PREFIX","VARCHAR2"
"CLTB_ACCOUNT_SETTL_DETAILS","EXT_PARTY_BIC","VARCHAR2"
"CLTB_ACCOUNT_SETTL_DETAILS","EXT_PARTY_ACCOUNT","VARCHAR2"
"CLTB_ACCOUNT_SETTL_DETAILS","EXT_PARTY_NAME","VARCHAR2"
"CLTB_ACCOUNT_SETTL_DETAILS","REQD_103","VARCHAR2"
"CLTB_ACCOUNT_SETTL_DETAILS","REQD_103P","VARCHAR2"
"CLTB_ACCOUNT_SETTL_DETAILS","AGREEMENT_ID","VARCHAR2"
"CLTB_ACCOUNT_SETTL_DETAILS","POST_ACCOUNTING","VARCHAR2"
"CLTB_ACCOUNT_SETTL_DETAILS","XREF_PC_CONTRACT_REF_NO","VARCHAR2"
"CLTB_ACCOUNT_SETTL_DETAILS","EXT_PARTY_CLG_NTWK","VARCHAR2"
"CLTB_ACCOUNT_SETTL_DETAILS","CUST_SPREAD","NUMBER"
"CLTB_ACCOUNT_SETTL_DETAILS","EXTERNAL_EX_RATE","NUMBER"
"CLTB_ACCOUNT_SETTL_DETAILS","SPREAD_DEFN","VARCHAR2"
"CLTB_ACCOUNT_SETTL_DETAILS","RTGS_PAYMENT","VARCHAR2"
"CLTB_ACCOUNT_SETTL_DETAILS","BANKING_PRIORITY","VARCHAR2"
"CLTB_ACCOUNT_SETTL_DETAILS","RTGS_NETWORK","VARCHAR2"
"CLTB_ACCOUNT_SETTL_DETAILS","ACCOUNT_NUMBER","VARCHAR2"
"CLTB_ACCOUNT_SETTL_DETAILS","BRANCH_CODE","VARCHAR2"
"CLTB_ACCOUNT_SETTL_DETAILS","EVENT_SEQ_NO","NUMBER"
"CLTB_ACCOUNT_SETTL_DETAILS","AMOUNT_TAG","VARCHAR2"
"CLTB_ACCOUNT_SETTL_DETAILS","VERSION_FLAG","VARCHAR2"
"CLTB_ACCOUNT_SETTL_DETAILS","TAG_CCY","VARCHAR2"
"CLTB_ACCOUNT_SETTL_DETAILS","ACC_BRANCH","VARCHAR2"
"CLTB_ACCOUNT_SETTL_DETAILS","ACCOUNT","VARCHAR2"
"CLTB_ACCOUNT_SETTL_DETAILS","ACC_CCY","VARCHAR2"
"CLTB_ACCOUNT_SETTL_DETAILS","CCY_RESTRICTION","VARCHAR2"
"CLTB_ACCOUNT_SETTL_DETAILS","EX_RATE","NUMBER"
"CLTB_ACCOUNT_SETTL_DETAILS","VALUE_DATE","DATE"
"CLTB_ACCOUNT_SETTL_DETAILS","SETTLEMENT_AMT","NUMBER"
"CLTB_ACCOUNT_SETTL_DETAILS","PAY_RECEIVE","VARCHAR2"
"CLTB_ACCOUNT_SETTL_DETAILS","PAYMENT_BY","VARCHAR2"
"CLTB_ACCOUNT_SETTL_DETAILS","TRANSFER_TYPE","VARCHAR2"
"CLTB_ACCOUNT_SETTL_DETAILS","INSTRUMENT_TYPE","VARCHAR2"
"CLTB_ACCOUNT_SETTL_DETAILS","INSTRUMENT_NO","VARCHAR2"
"CLTB_ACCOUNT_SETTL_DETAILS","CHANGE_AC","VARCHAR2"
"CLTB_ACCOUNT_SETTL_DETAILS","CHANGE_RATE","VARCHAR2"
"CLTB_ACCOUNT_SETTL_DETAILS","PARTY_INFO_ALLOWED","VARCHAR2"
"CLTB_ACCOUNT_SETTL_DETAILS","COVER_REQUIRED","VARCHAR2"
"CLTB_ACCOUNT_SETTL_DETAILS","NETTING_INDICATOR","VARCHAR2"
"CLTB_ACCOUNT_SETTL_DETAILS","CHARGES_DETAILS","VARCHAR2"
"CLTB_ACCOUNT_SETTL_DETAILS","OUR_CORRESPONDENT","VARCHAR2"
"CLTB_ACCOUNT_SETTL_DETAILS","RECEIVER","VARCHAR2"
"CLTB_ACCOUNT_SETTL_DETAILS","INT_REIM_INST1","VARCHAR2"
"CLTB_ACCOUNT_SETTL_DETAILS","INT_REIM_INST2","VARCHAR2"
"CLTB_ACCOUNT_SETTL_DETAILS","INT_REIM_INST3","VARCHAR2"
"CLTB_ACCOUNT_SETTL_DETAILS","INT_REIM_INST4","VARCHAR2"
"CLTB_ACCOUNT_SETTL_DETAILS","RCVR_CORRESP1","VARCHAR2"
"CLTB_ACCOUNT_SETTL_DETAILS","RCVR_CORRESP2","VARCHAR2"
"CLTB_ACCOUNT_SETTL_DETAILS","RCVR_CORRESP3","VARCHAR2"
"CLTB_ACCOUNT_SETTL_DETAILS","RCVR_CORRESP4","VARCHAR2"
"CLTB_ACCOUNT_SETTL_DETAILS","INTERMEDIARY1","VARCHAR2"
"CLTB_ACCOUNT_SETTL_DETAILS","INTERMEDIARY2","VARCHAR2"
"CLTB_ACCOUNT_SETTL_DETAILS","INTERMEDIARY3","VARCHAR2"
"CLTB_ACCOUNT_SETTL_DETAILS","INTERMEDIARY4","VARCHAR2"
"CLTB_ACCOUNT_SETTL_DETAILS","ACC_WITH_INSTN1","VARCHAR2"
"CLTB_ACCOUNT_SETTL_DETAILS","ACC_WITH_INSTN2","VARCHAR2"
"CLTB_ACCOUNT_SETTL_DETAILS","ACC_WITH_INSTN3","VARCHAR2"
"CLTB_ACCOUNT_SETTL_DETAILS","ACC_WITH_INSTN4","VARCHAR2"
"CLTB_ACCOUNT_SETTL_DETAILS","PAYMENT_DETAILS1","VARCHAR2"
"CLTB_ACCOUNT_SETTL_DETAILS","PAYMENT_DETAILS2","VARCHAR2"
"CLTB_ACCOUNT_SETTL_DETAILS","PAYMENT_DETAILS3","VARCHAR2"
"CLTB_ACCOUNT_SETTL_DETAILS","PAYMENT_DETAILS4","VARCHAR2"
"CLTB_ACCOUNT_SETTL_DETAILS","SNDR_TO_RCVR_INFO1","VARCHAR2"
"CLTB_ACCOUNT_SETTL_DETAILS","SNDR_TO_RCVR_INFO2","VARCHAR2"
"CLTB_ACCOUNT_SETTL_DETAILS","SNDR_TO_RCVR_INFO3","VARCHAR2"
"CLTB_ACCOUNT_SETTL_DETAILS","SNDR_TO_RCVR_INFO4","VARCHAR2"
"CLTB_ACCOUNT_SETTL_DETAILS","SNDR_TO_RCVR_INFO5","VARCHAR2"
"CLTB_ACCOUNT_SETTL_DETAILS","SNDR_TO_RCVR_INFO6","VARCHAR2"
"CLTB_ACCOUNT_SETTL_DETAILS","ORDERING_INSTITUTION1","VARCHAR2"
"CLTB_ACCOUNT_SETTL_DETAILS","ORDERING_INSTITUTION2","VARCHAR2"
"CLTB_ACCOUNT_SETTL_DETAILS","ORDERING_INSTITUTION3","VARCHAR2"
"CLTB_ACCOUNT_SETTL_DETAILS","ORDERING_INSTITUTION4","VARCHAR2"
"CLTB_ACCOUNT_SETTL_DETAILS","ORDERING_CUSTOMER1","VARCHAR2"
"CLTB_ACCOUNT_SETTL_DETAILS","ORDERING_CUSTOMER2","VARCHAR2"
"CLTB_ACCOUNT_SETTL_DETAILS","ORDERING_CUSTOMER3","VARCHAR2"
"CLTB_ACCOUNT_SETTL_DETAILS","ORDERING_CUSTOMER4","VARCHAR2"
"CLTB_ACCOUNT_SETTL_DETAILS","BENEF_INSTITUTION1","VARCHAR2"
"CLTB_ACCOUNT_SETTL_DETAILS","BENEF_INSTITUTION2","VARCHAR2"
"CLTB_ACCOUNT_SETTL_DETAILS","BENEF_INSTITUTION3","VARCHAR2"
"CLTB_ACCOUNT_SETTL_DETAILS","BENEF_INSTITUTION4","VARCHAR2"
"CLTB_ACCOUNT_SETTL_DETAILS","ULT_BENEFICIARY1","VARCHAR2"
"CLTB_ACCOUNT_SETTL_DETAILS","ULT_BENEFICIARY2","VARCHAR2"
"CLTB_ACCOUNT_SETTL_DETAILS","ULT_BENEFICIARY3","VARCHAR2"
"CLTB_ACCOUNT_SETTL_DETAILS","ULT_BENEFICIARY4","VARCHAR2"
"CLTB_ACCOUNT_SETTL_DETAILS","EX_RATE_FLAG","VARCHAR2"
"CLTB_ACCOUNT_SETTL_DETAILS","ERI_CCY","VARCHAR2"
"CLTB_ACCOUNT_SETTL_DETAILS","ERI_AMOUNT","NUMBER"
"CLTB_ACCOUNT_SETTL_DETAILS","RATE_CODE_PREFERRED","VARCHAR2"
"CLTB_ACCOUNT_SETTL_DETAILS","ACC_WITH_INSTN5","VARCHAR2"
"CLTB_ACCOUNT_SETTL_DETAILS","BENEF_INSTITUTION5","VARCHAR2"
"CLTB_ACCOUNT_SETTL_DETAILS","INTERMEDIARY5","VARCHAR2"
"CLTB_ACCOUNT_SETTL_DETAILS","INT_REIM_INST5","VARCHAR2"
"CLTM_PRODUCT_UDE_MIGBK","PRODUCT_CODE","VARCHAR2"
"CLTM_PRODUCT_UDE_MIGBK","UDE_ID","VARCHAR2"
"CLTM_PRODUCT_UDE_MIGBK","UDE_DESC","VARCHAR2"
"CLTM_PRODUCT_UDE_MIGBK","UDE_TYPE","VARCHAR2"
"CLTM_PRODUCT_UDE_MIGBK","UDE_CCY","VARCHAR2"
"CLTM_PRODUCT_UDE_MIGBK","MIN_UDE_VAL","NUMBER"
"CLTM_PRODUCT_UDE_MIGBK","MAX_UDE_VAL","NUMBER"
"CLTM_PRODUCT_UDE_MIGBK","RATE_CHG_RESTRICTED","VARCHAR2"
"CLTM_PRODUCT_STSH_ACCT_ENTRY","TRANSACTION_CODE","VARCHAR2"
"CLTM_PRODUCT_STSH_ACCT_ENTRY","COMPONENT_NAME","VARCHAR2"
"CLTM_PRODUCT_STSH_ACCT_ENTRY","STATUS_CODE","VARCHAR2"
"CLTM_PRODUCT_STSH_ACCT_ENTRY","DR_CR_INDICATOR","VARCHAR2"
"CLTM_PRODUCT_STSH_ACCT_ENTRY","NETTING_INDICATOR","VARCHAR2"
"CLTM_PRODUCT_STSH_ACCT_ENTRY","EVENT_CODE","VARCHAR2"
"CLTM_PRODUCT_STSH_ACCT_ENTRY","ACCOUNT_ROLE_CODE","VARCHAR2"
"CLTM_PRODUCT_STSH_ACCT_ENTRY","AMT_TAG","VARCHAR2"
"CLTM_PRODUCT_STSH_ACCT_ENTRY","ROLE_TYPE","VARCHAR2"
"CLTM_PRODUCT_STSH_ACCT_ENTRY","AMOUNT_TAG_TYPE","VARCHAR2"
"CLTM_PRODUCT_STSH_ACCT_ENTRY","MIS_HEAD","VARCHAR2"
"CLTM_PRODUCT_STSH_ACCT_ENTRY","GLMIS_UPDATE_FLAG","VARCHAR2"
"CLTM_PRODUCT_STSH_ACCT_ENTRY","REVAL_REQUIRED","VARCHAR2"
"CLTM_PRODUCT_STSH_ACCT_ENTRY","REVAL_PROFIT_GL","VARCHAR2"
"CLTM_PRODUCT_STSH_ACCT_ENTRY","REVAL_LOSS_GL","VARCHAR2"
"CLTM_PRODUCT_STSH_ACCT_ENTRY","REVAL_RATE_CODE","VARCHAR2"
"CLTM_PRODUCT_STSH_ACCT_ENTRY","REVAL_TXN_CODE","VARCHAR2"
"CLTM_PRODUCT_STSH_ACCT_ENTRY","MIS_SPREAD","VARCHAR2"
"CLTM_PRODUCT_STSH_ACCT_ENTRY","HOLIDAY_TREATMENT","VARCHAR2"
"CLTM_PRODUCT_STSH_ACCT_ENTRY","RESCH_BULLET_NON_DUE","VARCHAR2"
"CLTM_PRODUCT_STSH_ACCT_ENTRY","RESCH_REPOP","VARCHAR2"
"CLTM_PRODUCT_STSH_ACCT_ENTRY","GAAP_INDICATOR","VARCHAR2"
"CLTM_PRODUCT_STSH_ACCT_ENTRY","BAL_CHK_BATCH","VARCHAR2"
"CLTM_PRODUCT_STSH_ACCT_ENTRY","DELINQUENCY_PRODUCT","VARCHAR2"
"CLTM_PRODUCT_STSH_ACCT_ENTRY","ENTRY_PAIR_NO","NUMBER"
"CLTM_PRODUCT_STSH_ACCT_ENTRY","PRODUCT_CODE","VARCHAR2"
"CLTM_PRODUCT_EVENT_CHGS","PRODUCT_CODE","VARCHAR2"
"CLTM_PRODUCT_EVENT_CHGS","EVENT_CODE","VARCHAR2"
"CLTM_PRODUCT_EVENT_CHGS","CHARGE_COMPONENT","VARCHAR2"
"CLTM_PRODUCT","SUPP_FREQUENCY_UNIT","VARCHAR2"
"CLTM_PRODUCT","CUST_GRACE_PERIOD","NUMBER"
"CLTM_PRODUCT","CUST_FREQUENCY_UNIT","VARCHAR2"
"CLTM_PRODUCT","INV_TRKG_REQ","VARCHAR2"
"CLTM_PRODUCT","UIDB_UDE","VARCHAR2"
"CLTM_PRODUCT","ALLOW_RECOMP_OF_SCH","VARCHAR2"
"CLTM_PRODUCT","IRR_RECOMP","VARCHAR2"
"CLTM_PRODUCT","BALLOON_REQD","VARCHAR2"
"CLTM_PRODUCT","OD_ACCOUNT_CLASS","VARCHAR2"
"CLTM_PRODUCT","OD_TRACKING_ALLOWED","VARCHAR2"
"CLTM_PRODUCT","IC_PRODUCT","VARCHAR2"
"CLTM_PRODUCT","PROP_HANDOVER","VARCHAR2"
"CLTM_PRODUCT","HANDOVER_UNIT","NUMBER"
"CLTM_PRODUCT","HANDOVER_FREQUENCY","VARCHAR2"
"CLTM_PRODUCT","PROJECT_ACCOUNT","VARCHAR2"
"CLTM_PRODUCT","MINASSETCOST","NUMBER"
"CLTM_PRODUCT","MAXASSETCOST","NUMBER"
"CLTM_PRODUCT","ASSETCCY","VARCHAR2"
"CLTM_PRODUCT","RETRIES_FOR_ADVICE","NUMBER"
"CLTM_PRODUCT","HAMISH_JID_MIN_PERCEN","NUMBER"
"CLTM_PRODUCT","ARRAHNU_EXTENSION","NUMBER"
"CLTM_PRODUCT","RATE_CHG_ACTION","VARCHAR2"
"CLTM_PRODUCT","DEFAULT_FROM_METSCH","VARCHAR2"
"CLTM_PRODUCT","GRACE_PERIOD_COMP","VARCHAR2"
"CLTM_PRODUCT","TENOR_UNIT","VARCHAR2"
"CLTM_PRODUCT","IGNORE_HOLIDAYS","VARCHAR2"
"CLTM_PRODUCT","MOVE_ACROSS_MONTH","VARCHAR2"
"CLTM_PRODUCT","SCHEDULE_MOVEMENT","VARCHAR2"
"CLTM_PRODUCT","RATE_CODE_PREF","VARCHAR2"
"CLTM_PRODUCT","PASSBOOK_FACILITY","VARCHAR2"
"CLTM_PRODUCT","TRACK_RECEIVABLE","VARCHAR2"
"CLTM_PRODUCT","ATM_FACILITY","VARCHAR2"
"CLTM_PRODUCT","TRACK_RECEIVABLE_ALIQ","VARCHAR2"
"CLTM_PRODUCT","TRACK_RECEIVABLE_MLIQ","VARCHAR2"
"CLTM_PRODUCT","LIQUIDATION_MODE","VARCHAR2"
"CLTM_PRODUCT","AMEND_PAST_PAID_SCHEDULE","VARCHAR2"
"CLTM_PRODUCT","CHEQUE_BOOK_FACILITY","VARCHAR2"
"CLTM_PRODUCT","CASCADE_SCHEDULES","VARCHAR2"
"CLTM_PRODUCT","LIQ_COMP_DATES_FLAG","VARCHAR2"
"CLTM_PRODUCT","DISBURSEMENT_MODE","VARCHAR2"
"CLTM_PRODUCT","RECOMPUTATION_BASIS","VARCHAR2"
"CLTM_PRODUCT","PREPMT_EFFECTIVE_FROM","VARCHAR2"
"CLTM_PRODUCT","VAMI_ACTION","VARCHAR2"
"CLTM_PRODUCT","REFERENCE_NO_FORMAT","VARCHAR2"
"CLTM_PRODUCT","RATE_TYPE","VARCHAR2"
"CLTM_PRODUCT","LIQ_BACK_VAL_SCH_FLAG","VARCHAR2"
"CLTM_PRODUCT","INT_STMT","VARCHAR2"
"CLTM_PRODUCT","ALLOW_BACK_PERIOD_ENTRY","VARCHAR2"
"CLTM_PRODUCT","DRAJ_ENTRIES_PREF","VARCHAR2"
"CLTM_PRODUCT","CRAJ_ENTRIES_PREF","VARCHAR2"
"CLTM_PRODUCT","PARTIAL_LIQUIDATION","VARCHAR2"
"CLTM_PRODUCT","ALIQ_REVERSED_PMT","VARCHAR2"
"CLTM_PRODUCT","RETRIES_AUTO_LIQ","NUMBER"
"CLTM_PRODUCT","ROLL_BY","VARCHAR2"
"CLTM_PRODUCT","VAMI_EMI_TYPE","VARCHAR2"
"CLTM_PRODUCT","PREPAY_EMI_TYPE","VARCHAR2"
"CLTM_PRODUCT","ACOP_EMI_TYPE","VARCHAR2"
"CLTM_PRODUCT","MIN_EMI_AMOUNT","NUMBER"
"CLTM_PRODUCT","MIN_EMI_CCY","VARCHAR2"
"CLTM_PRODUCT","ADHOC_HOL_TREATMENT_REQD","VARCHAR2"
"CLTM_PRODUCT","SPL_INT_ACCRUAL","VARCHAR2"
"CLTM_PRODUCT","YACR_FREQ","VARCHAR2"
"CLTM_PRODUCT","PREPAYMENT_TBD_TREATMENT","VARCHAR2"
"CLTM_PRODUCT","ACQ_TYPE","VARCHAR2"
"CLTM_PRODUCT","PRODUCT_TYPE","VARCHAR2"
"CLTM_PRODUCT","ROLLOVER_ALLOWED","VARCHAR2"
"CLTM_PRODUCT","CL_AGAINST_BILL","VARCHAR2"
"CLTM_PRODUCT","HOLIDAY_CHECK","VARCHAR2"
"CLTM_PRODUCT","HOLIDAY_CHECK_MAT","VARCHAR2"
"CLTM_PRODUCT","NOTICE_DAY_BASIS","VARCHAR2"
"CLTM_PRODUCT","HOLIDAY_DEFAULT_BASIS","VARCHAR2"
"CLTM_PRODUCT","CONSIDER_BRANCH_HOLIDAY_SCH","VARCHAR2"
"CLTM_PRODUCT","HOLIDAY_CCY_SCH","VARCHAR2"
"CLTM_PRODUCT","CONSIDER_BRANCH_HOLIDAY_MAT","VARCHAR2"
"CLTM_PRODUCT","IGNORE_HOLIDAYS_MAT_VAL_DT","VARCHAR2"
"CLTM_PRODUCT","MOVE_ACROSS_MONTH_MAT_VAL_DT","VARCHAR2"
"CLTM_PRODUCT","APPLY_FACILITY_HOL_CCY","VARCHAR2"
"CLTM_PRODUCT","APPLY_CONTRACT_HOL_CCY","VARCHAR2"
"CLTM_PRODUCT","APPLY_LOCAL_HOL_CCY","VARCHAR2"
"CLTM_PRODUCT","SCHEDULE_MOVEMENT_MAT_VAL_DT","VARCHAR2"
"CLTM_PRODUCT","APPLY_FACILITY_HOL_CCY_MAT","VARCHAR2"
"CLTM_PRODUCT","APPLY_CONTRACT_HOL_CCY_MAT","VARCHAR2"
"CLTM_PRODUCT","APPLY_LOCAL_HOL_CCY_MAT","VARCHAR2"
"CLTM_PRODUCT","HOLIDAY_CCY_MAT","VARCHAR2"
"CLTM_PRODUCT","MODULE_CODE","VARCHAR2"
"CLTM_PRODUCT","LIMITS_PRODUCT","VARCHAR2"
"CLTM_PRODUCT","LEASE_TYPE","VARCHAR2"
"CLTM_PRODUCT","INSURANCE_REQUIRED","VARCHAR2"
"CLTM_PRODUCT","LEASE_PAYMENT_MODE","VARCHAR2"
"CLTM_PRODUCT","RESIDUAL_AUTO_LIQUIDATE","VARCHAR2"
"CLTM_PRODUCT","RESIDUAL_VALUE_BASIS","VARCHAR2"
"CLTM_PRODUCT","INTEREST_SUBSIDY_ALLOWED","VARCHAR2"
"CLTM_PRODUCT","RESIDUAL_SUBSIDY_ALLOWED","VARCHAR2"
"CLTM_PRODUCT","LEASING_ASSET_REQUIRED","VARCHAR2"
"CLTM_PRODUCT","FA_PRODUCT","VARCHAR2"
"CLTM_PRODUCT","PACKING_CREDIT","VARCHAR2"
"CLTM_PRODUCT","CONTRACT_TYPE","VARCHAR2"
"CLTM_PRODUCT","UDE_TENOR","NUMBER"
"CLTM_PRODUCT","UDE_UNIT","VARCHAR2"
"CLTM_PRODUCT","RP_WINDOW_TENOR","NUMBER"
"CLTM_PRODUCT","RP_WINDOW_UNIT","VARCHAR2"
"CLTM_PRODUCT","NOTARY_CONFIRM_REQD","VARCHAR2"
"CLTM_PRODUCT","INTEREST_ONLY_PERIOD","NUMBER"
"CLTM_PRODUCT","INTEREST_ONLY_UNIT","VARCHAR2"
"CLTM_PRODUCT","STATUS_FOR_GUA_AC","VARCHAR2"
"CLTM_PRODUCT","LOAN_AGAINST_SAL","VARCHAR2"
"CLTM_PRODUCT","CREDITDAYS","NUMBER"
"CLTM_PRODUCT","REVOLVING_TYPE","VARCHAR2"
"CLTM_PRODUCT","OPEN_LINE_LOAN","VARCHAR2"
"CLTM_PRODUCT","AUTO_LIQD_BASIS","VARCHAR2"
"CLTM_PRODUCT","AUTO_LIQD_PERCENT","NUMBER"
"CLTM_PRODUCT","SECR_ALLOWED","VARCHAR2"
"CLTM_PRODUCT","BOOK_UNEARNED_INTEREST","VARCHAR2"
"CLTM_PRODUCT","AMORT_RESCHEDULE_ON_DSBR","VARCHAR2"
"CLTM_PRODUCT","REKEY_DOWN_PAYMENT","VARCHAR2"
"CLTM_PRODUCT","REKEY_RESIDUAL_VALUE","VARCHAR2"
"CLTM_PRODUCT","ACCRUE_PRINCIPAL","VARCHAR2"
"CLTM_PRODUCT","LEASE_ASSET_BOOKING","VARCHAR2"
"CLTM_PRODUCT","INSURANCE_FLAG","VARCHAR2"
"CLTM_PRODUCT","SALE_CONF","VARCHAR2"
"CLTM_PRODUCT","ASSET_TYPE","VARCHAR2"
"CLTM_PRODUCT","MULTIPLE_ASSET","VARCHAR2"
"CLTM_PRODUCT","DAYS_FOR_CIF_AC","NUMBER"
"CLTM_PRODUCT","DAYS_FOR_GUA_AC","NUMBER"
"CLTM_PRODUCT","PROFITA_CALC","VARCHAR2"
"CLTM_PRODUCT","CAP_ON_NMLSCH","VARCHAR2"
"CLTM_PRODUCT","REBATE_REQD","VARCHAR2"
"CLTM_PRODUCT","SUPP_GRACE_PERIOD","NUMBER"
"CLTM_PRODUCT","PRODUCT_CODE","VARCHAR2"
"CLTM_PRODUCT","PRODUCT_DESC","VARCHAR2"
"CLTM_PRODUCT","PRODUCT_CATEGORY","VARCHAR2"
"CLTM_PRODUCT","PRODUCT_END_DATE","DATE"
"CLTM_PRODUCT","RECORD_STAT","VARCHAR2"
"CLTM_PRODUCT","AUTH_STAT","VARCHAR2"
"CLTM_PRODUCT","ONCE_AUTH","VARCHAR2"
"CLTM_PRODUCT","MOD_NO","NUMBER"
"CLTM_PRODUCT","MAKER_ID","VARCHAR2"
"CLTM_PRODUCT","MAKER_DT_STAMP","DATE"
"CLTM_PRODUCT","CHECKER_ID","VARCHAR2"
"CLTM_PRODUCT","CHECKER_DT_STAMP","DATE"
"CLTM_PRODUCT","CCY_LIST","VARCHAR2"
"CLTM_PRODUCT","CUSCAT_LIST","VARCHAR2"
"CLTM_PRODUCT","BRANCH_LIST","VARCHAR2"
"CLTM_PRODUCT","AUTO_MAN_ROLLOVER","VARCHAR2"
"CLTM_PRODUCT","SCHEDULE_BASIS","VARCHAR2"
"CLTM_PRODUCT","UDE_ROLLOVER_BASIS","VARCHAR2"
"CLTM_PRODUCT","ROLLOVER_WITH_INTEREST","VARCHAR2"
"CLTM_PRODUCT","NORMAL_RATE_VARIANCE","NUMBER"
"CLTM_PRODUCT","MAXIMUM_RATE_VARIANCE","NUMBER"
"CLTM_PRODUCT","MIN_TENOR","NUMBER"
"CLTM_PRODUCT","STD_TENOR","NUMBER"
"CLTM_PRODUCT","MAX_TENOR","NUMBER"
"CLTM_PRODUCT_RTH","PRODUCT_CODE","VARCHAR2"
"CLTM_PRODUCT_RTH","MAP_TYPE","VARCHAR2"
"CLTM_PRODUCT_RTH","ACCOUNTING_ROLE","VARCHAR2"
"CLTM_PRODUCT_RTH","ROLE_TYPE","VARCHAR2"
"CLTM_PRODUCT_RTH","ACCOUNT_HEAD","VARCHAR2"
"CLTM_PRODUCT_RTH","ROLE_DESC","VARCHAR2"
"CLTM_PRODUCT_RTH","HEAD_DESC","VARCHAR2"
"CLTB_CONSISTENCY_CHECKER","ACCOUNT_NUMBER","VARCHAR2"
"CLTB_CONSISTENCY_CHECKER","BRANCH_CODE","VARCHAR2"
"CLTB_CONSISTENCY_CHECKER","PROCESSING_DATE","DATE"
"CLTB_CONSISTENCY_CHECKER","RUN_DATETIME","DATE"
"CLTB_CONSISTENCY_CHECKER","MESSAGE","VARCHAR2"
"CLTM_PRODUCT_MIGBAK","SUPP_GRACE_PERIOD","NUMBER"
"CLTM_PRODUCT_MIGBAK","SUPP_FREQUENCY_UNIT","VARCHAR2"
"CLTM_PRODUCT_MIGBAK","CUST_GRACE_PERIOD","NUMBER"
"CLTM_PRODUCT_MIGBAK","CUST_FREQUENCY_UNIT","VARCHAR2"
"CLTM_PRODUCT_MIGBAK","INV_TRKG_REQ","VARCHAR2"
"CLTM_PRODUCT_MIGBAK","UIDB_UDE","VARCHAR2"
"CLTM_PRODUCT_MIGBAK","ALLOW_RECOMP_OF_SCH","VARCHAR2"
"CLTM_PRODUCT_MIGBAK","IRR_RECOMP","VARCHAR2"
"CLTM_PRODUCT_MIGBAK","BALLOON_REQD","VARCHAR2"
"CLTM_PRODUCT_MIGBAK","OD_ACCOUNT_CLASS","VARCHAR2"
"CLTM_PRODUCT_MIGBAK","OD_TRACKING_ALLOWED","VARCHAR2"
"CLTM_PRODUCT_MIGBAK","IC_PRODUCT","VARCHAR2"
"CLTM_PRODUCT_MIGBAK","PROP_HANDOVER","VARCHAR2"
"CLTM_PRODUCT_MIGBAK","HANDOVER_UNIT","NUMBER"
"CLTM_PRODUCT_MIGBAK","HANDOVER_FREQUENCY","VARCHAR2"
"CLTM_PRODUCT_MIGBAK","PROJECT_ACCOUNT","VARCHAR2"
"CLTM_PRODUCT_MIGBAK","MINASSETCOST","NUMBER"
"CLTM_PRODUCT_MIGBAK","MAXASSETCOST","NUMBER"
"CLTM_PRODUCT_MIGBAK","ASSETCCY","VARCHAR2"
"CLTM_PRODUCT_MIGBAK","RETRIES_FOR_ADVICE","NUMBER"
"CLTM_PRODUCT_MIGBAK","HAMISH_JID_MIN_PERCEN","NUMBER"
"CLTM_PRODUCT_MIGBAK","ARRAHNU_EXTENSION","NUMBER"
"CLTM_PRODUCT_MIGBAK","RATE_CHG_ACTION","VARCHAR2"
"CLTM_PRODUCT_MIGBAK","DEFAULT_FROM_METSCH","VARCHAR2"
"CLTM_PRODUCT_MIGBAK","GRACE_PERIOD_COMP","VARCHAR2"
"CLTM_PRODUCT_MIGBAK","MIN_TENOR","NUMBER"
"CLTM_PRODUCT_MIGBAK","STD_TENOR","NUMBER"
"CLTM_PRODUCT_MIGBAK","MAX_TENOR","NUMBER"
"CLTM_PRODUCT_MIGBAK","TENOR_UNIT","VARCHAR2"
"CLTM_PRODUCT_MIGBAK","IGNORE_HOLIDAYS","VARCHAR2"
"CLTM_PRODUCT_MIGBAK","MOVE_ACROSS_MONTH","VARCHAR2"
"CLTM_PRODUCT_MIGBAK","SCHEDULE_MOVEMENT","VARCHAR2"
"CLTM_PRODUCT_MIGBAK","RATE_CODE_PREF","VARCHAR2"
"CLTM_PRODUCT_MIGBAK","PASSBOOK_FACILITY","VARCHAR2"
"CLTM_PRODUCT_MIGBAK","TRACK_RECEIVABLE","VARCHAR2"
"CLTM_PRODUCT_MIGBAK","ATM_FACILITY","VARCHAR2"
"CLTM_PRODUCT_MIGBAK","TRACK_RECEIVABLE_ALIQ","VARCHAR2"
"CLTM_PRODUCT_MIGBAK","TRACK_RECEIVABLE_MLIQ","VARCHAR2"
"CLTM_PRODUCT_MIGBAK","LIQUIDATION_MODE","VARCHAR2"
"CLTM_PRODUCT_MIGBAK","AMEND_PAST_PAID_SCHEDULE","VARCHAR2"
"CLTM_PRODUCT_MIGBAK","CHEQUE_BOOK_FACILITY","VARCHAR2"
"CLTM_PRODUCT_MIGBAK","CASCADE_SCHEDULES","VARCHAR2"
"CLTM_PRODUCT_MIGBAK","LIQ_COMP_DATES_FLAG","VARCHAR2"
"CLTM_PRODUCT_MIGBAK","DISBURSEMENT_MODE","VARCHAR2"
"CLTM_PRODUCT_MIGBAK","RECOMPUTATION_BASIS","VARCHAR2"
"CLTM_PRODUCT_MIGBAK","PREPMT_EFFECTIVE_FROM","VARCHAR2"
"CLTM_PRODUCT_MIGBAK","VAMI_ACTION","VARCHAR2"
"CLTM_PRODUCT_MIGBAK","REFERENCE_NO_FORMAT","VARCHAR2"
"CLTM_PRODUCT_MIGBAK","RATE_TYPE","VARCHAR2"
"CLTM_PRODUCT_MIGBAK","LIQ_BACK_VAL_SCH_FLAG","VARCHAR2"
"CLTM_PRODUCT_MIGBAK","INT_STMT","VARCHAR2"
"CLTM_PRODUCT_MIGBAK","ALLOW_BACK_PERIOD_ENTRY","VARCHAR2"
"CLTM_PRODUCT_MIGBAK","DRAJ_ENTRIES_PREF","VARCHAR2"
"CLTM_PRODUCT_MIGBAK","CRAJ_ENTRIES_PREF","VARCHAR2"
"CLTM_PRODUCT_MIGBAK","PARTIAL_LIQUIDATION","VARCHAR2"
"CLTM_PRODUCT_MIGBAK","ALIQ_REVERSED_PMT","VARCHAR2"
"CLTM_PRODUCT_MIGBAK","RETRIES_AUTO_LIQ","NUMBER"
"CLTM_PRODUCT_MIGBAK","ROLL_BY","VARCHAR2"
"CLTM_PRODUCT_MIGBAK","VAMI_EMI_TYPE","VARCHAR2"
"CLTM_PRODUCT_MIGBAK","PREPAY_EMI_TYPE","VARCHAR2"
"CLTM_PRODUCT_MIGBAK","ACOP_EMI_TYPE","VARCHAR2"
"CLTM_PRODUCT_MIGBAK","MIN_EMI_AMOUNT","NUMBER"
"CLTM_PRODUCT_MIGBAK","MIN_EMI_CCY","VARCHAR2"
"CLTM_PRODUCT_MIGBAK","ADHOC_HOL_TREATMENT_REQD","VARCHAR2"
"CLTM_PRODUCT_MIGBAK","SPL_INT_ACCRUAL","VARCHAR2"
"CLTM_PRODUCT_MIGBAK","YACR_FREQ","VARCHAR2"
"CLTM_PRODUCT_MIGBAK","PREPAYMENT_TBD_TREATMENT","VARCHAR2"
"CLTM_PRODUCT_MIGBAK","ACQ_TYPE","VARCHAR2"
"CLTM_PRODUCT_MIGBAK","PRODUCT_TYPE","VARCHAR2"
"CLTM_PRODUCT_MIGBAK","ROLLOVER_ALLOWED","VARCHAR2"
"CLTM_PRODUCT_MIGBAK","CL_AGAINST_BILL","VARCHAR2"
"CLTM_PRODUCT_MIGBAK","HOLIDAY_CHECK","VARCHAR2"
"CLTM_PRODUCT_MIGBAK","HOLIDAY_CHECK_MAT","VARCHAR2"
"CLTM_PRODUCT_MIGBAK","NOTICE_DAY_BASIS","VARCHAR2"
"CLTM_PRODUCT_MIGBAK","HOLIDAY_DEFAULT_BASIS","VARCHAR2"
"CLTM_PRODUCT_MIGBAK","CONSIDER_BRANCH_HOLIDAY_SCH","VARCHAR2"
"CLTM_PRODUCT_MIGBAK","HOLIDAY_CCY_SCH","VARCHAR2"
"CLTM_PRODUCT_MIGBAK","CONSIDER_BRANCH_HOLIDAY_MAT","VARCHAR2"
"CLTM_PRODUCT_MIGBAK","IGNORE_HOLIDAYS_MAT_VAL_DT","VARCHAR2"
"CLTM_PRODUCT_MIGBAK","MOVE_ACROSS_MONTH_MAT_VAL_DT","VARCHAR2"
"CLTM_PRODUCT_MIGBAK","APPLY_FACILITY_HOL_CCY","VARCHAR2"
"CLTM_PRODUCT_MIGBAK","APPLY_CONTRACT_HOL_CCY","VARCHAR2"
"CLTM_PRODUCT_MIGBAK","APPLY_LOCAL_HOL_CCY","VARCHAR2"
"CLTM_PRODUCT_MIGBAK","SCHEDULE_MOVEMENT_MAT_VAL_DT","VARCHAR2"
"CLTM_PRODUCT_MIGBAK","APPLY_FACILITY_HOL_CCY_MAT","VARCHAR2"
"CLTM_PRODUCT_MIGBAK","APPLY_CONTRACT_HOL_CCY_MAT","VARCHAR2"
"CLTM_PRODUCT_MIGBAK","APPLY_LOCAL_HOL_CCY_MAT","VARCHAR2"
"CLTM_PRODUCT_MIGBAK","HOLIDAY_CCY_MAT","VARCHAR2"
"CLTM_PRODUCT_MIGBAK","MODULE_CODE","VARCHAR2"
"CLTM_PRODUCT_MIGBAK","LIMITS_PRODUCT","VARCHAR2"
"CLTM_PRODUCT_MIGBAK","LEASE_TYPE","VARCHAR2"
"CLTM_PRODUCT_MIGBAK","INSURANCE_REQUIRED","VARCHAR2"
"CLTM_PRODUCT_MIGBAK","LEASE_PAYMENT_MODE","VARCHAR2"
"CLTM_PRODUCT_MIGBAK","RESIDUAL_AUTO_LIQUIDATE","VARCHAR2"
"CLTM_PRODUCT_MIGBAK","RESIDUAL_VALUE_BASIS","VARCHAR2"
"CLTM_PRODUCT_MIGBAK","INTEREST_SUBSIDY_ALLOWED","VARCHAR2"
"CLTM_PRODUCT_MIGBAK","RESIDUAL_SUBSIDY_ALLOWED","VARCHAR2"
"CLTM_PRODUCT_MIGBAK","LEASING_ASSET_REQUIRED","VARCHAR2"
"CLTM_PRODUCT_MIGBAK","FA_PRODUCT","VARCHAR2"
"CLTM_PRODUCT_MIGBAK","PACKING_CREDIT","VARCHAR2"
"CLTM_PRODUCT_MIGBAK","CONTRACT_TYPE","VARCHAR2"
"CLTM_PRODUCT_MIGBAK","UDE_TENOR","NUMBER"
"CLTM_PRODUCT_MIGBAK","UDE_UNIT","VARCHAR2"
"CLTM_PRODUCT_MIGBAK","RP_WINDOW_TENOR","NUMBER"
"CLTM_PRODUCT_MIGBAK","RP_WINDOW_UNIT","VARCHAR2"
"CLTM_PRODUCT_MIGBAK","NOTARY_CONFIRM_REQD","VARCHAR2"
"CLTM_PRODUCT_MIGBAK","INTEREST_ONLY_PERIOD","NUMBER"
"CLTM_PRODUCT_MIGBAK","INTEREST_ONLY_UNIT","VARCHAR2"
"CLTM_PRODUCT_MIGBAK","STATUS_FOR_GUA_AC","VARCHAR2"
"CLTM_PRODUCT_MIGBAK","LOAN_AGAINST_SAL","VARCHAR2"
"CLTM_PRODUCT_MIGBAK","CREDITDAYS","NUMBER"
"CLTM_PRODUCT_MIGBAK","REVOLVING_TYPE","VARCHAR2"
"CLTM_PRODUCT_MIGBAK","OPEN_LINE_LOAN","VARCHAR2"
"CLTM_PRODUCT_MIGBAK","AUTO_LIQD_BASIS","VARCHAR2"
"CLTM_PRODUCT_MIGBAK","AUTO_LIQD_PERCENT","NUMBER"
"CLTM_PRODUCT_MIGBAK","SECR_ALLOWED","VARCHAR2"
"CLTM_PRODUCT_MIGBAK","BOOK_UNEARNED_INTEREST","VARCHAR2"
"CLTM_PRODUCT_MIGBAK","AMORT_RESCHEDULE_ON_DSBR","VARCHAR2"
"CLTM_PRODUCT_MIGBAK","REKEY_DOWN_PAYMENT","VARCHAR2"
"CLTM_PRODUCT_MIGBAK","REKEY_RESIDUAL_VALUE","VARCHAR2"
"CLTM_PRODUCT_MIGBAK","ACCRUE_PRINCIPAL","VARCHAR2"
"CLTM_PRODUCT_MIGBAK","LEASE_ASSET_BOOKING","VARCHAR2"
"CLTM_PRODUCT_MIGBAK","INSURANCE_FLAG","VARCHAR2"
"CLTM_PRODUCT_MIGBAK","SALE_CONF","VARCHAR2"
"CLTM_PRODUCT_MIGBAK","ASSET_TYPE","VARCHAR2"
"CLTM_PRODUCT_MIGBAK","MULTIPLE_ASSET","VARCHAR2"
"CLTM_PRODUCT_MIGBAK","DAYS_FOR_CIF_AC","NUMBER"
"CLTM_PRODUCT_MIGBAK","DAYS_FOR_GUA_AC","NUMBER"
"CLTM_PRODUCT_MIGBAK","PROFITA_CALC","VARCHAR2"
"CLTM_PRODUCT_MIGBAK","CAP_ON_NMLSCH","VARCHAR2"
"CLTM_PRODUCT_MIGBAK","REBATE_REQD","VARCHAR2"
"CLTM_PRODUCT_MIGBAK","PRODUCT_CODE","VARCHAR2"
"CLTM_PRODUCT_MIGBAK","PRODUCT_DESC","VARCHAR2"
"CLTM_PRODUCT_MIGBAK","PRODUCT_CATEGORY","VARCHAR2"
"CLTM_PRODUCT_MIGBAK","PRODUCT_END_DATE","DATE"
"CLTM_PRODUCT_MIGBAK","RECORD_STAT","VARCHAR2"
"CLTM_PRODUCT_MIGBAK","AUTH_STAT","VARCHAR2"
"CLTM_PRODUCT_MIGBAK","ONCE_AUTH","VARCHAR2"
"CLTM_PRODUCT_MIGBAK","MOD_NO","NUMBER"
"CLTM_PRODUCT_MIGBAK","MAKER_ID","VARCHAR2"
"CLTM_PRODUCT_MIGBAK","MAKER_DT_STAMP","DATE"
"CLTM_PRODUCT_MIGBAK","CHECKER_ID","VARCHAR2"
"CLTM_PRODUCT_MIGBAK","CHECKER_DT_STAMP","DATE"
"CLTM_PRODUCT_MIGBAK","CCY_LIST","VARCHAR2"
"CLTM_PRODUCT_MIGBAK","CUSCAT_LIST","VARCHAR2"
"CLTM_PRODUCT_MIGBAK","BRANCH_LIST","VARCHAR2"
"CLTM_PRODUCT_MIGBAK","AUTO_MAN_ROLLOVER","VARCHAR2"
"CLTM_PRODUCT_MIGBAK","SCHEDULE_BASIS","VARCHAR2"
"CLTM_PRODUCT_MIGBAK","UDE_ROLLOVER_BASIS","VARCHAR2"
"CLTM_PRODUCT_MIGBAK","ROLLOVER_WITH_INTEREST","VARCHAR2"
"CLTM_PRODUCT_MIGBAK","NORMAL_RATE_VARIANCE","NUMBER"
"CLTM_PRODUCT_MIGBAK","MAXIMUM_RATE_VARIANCE","NUMBER"
"CLTB_ACCOUNT_UPLOAD","FIELD_NUMBER_18","NUMBER"
"CLTB_ACCOUNT_UPLOAD","FIELD_NUMBER_19","NUMBER"
"CLTB_ACCOUNT_UPLOAD","FIELD_NUMBER_20","NUMBER"
"CLTB_ACCOUNT_UPLOAD","FIELD_DATE_1","DATE"
"CLTB_ACCOUNT_UPLOAD","FIELD_DATE_2","DATE"
"CLTB_ACCOUNT_UPLOAD","FIELD_DATE_3","DATE"
"CLTB_ACCOUNT_UPLOAD","FIELD_DATE_4","DATE"
"CLTB_ACCOUNT_UPLOAD","FIELD_DATE_5","DATE"
"CLTB_ACCOUNT_UPLOAD","FIELD_DATE_6","DATE"
"CLTB_ACCOUNT_UPLOAD","FIELD_DATE_7","DATE"
"CLTB_ACCOUNT_UPLOAD","FIELD_DATE_8","DATE"
"CLTB_ACCOUNT_UPLOAD","FIELD_DATE_9","DATE"
"CLTB_ACCOUNT_UPLOAD","FIELD_DATE_10","DATE"
"CLTB_ACCOUNT_UPLOAD","ROLL_BY","VARCHAR2"
"CLTB_ACCOUNT_UPLOAD","MATURITY_TYPE","VARCHAR2"
"CLTB_ACCOUNT_UPLOAD","NET_PRINCIPAL","NUMBER"
"CLTB_ACCOUNT_UPLOAD","INDEX_XRATE","NUMBER"
"CLTB_ACCOUNT_UPLOAD","DR_PAYMENT_MODE","VARCHAR2"
"CLTB_ACCOUNT_UPLOAD","CR_PAYMENT_MODE","VARCHAR2"
"CLTB_ACCOUNT_UPLOAD","DR_PROD_AC","VARCHAR2"
"CLTB_ACCOUNT_UPLOAD","CR_PROD_AC","VARCHAR2"
"CLTB_ACCOUNT_UPLOAD","DR_ACC_BRN","VARCHAR2"
"CLTB_ACCOUNT_UPLOAD","CR_ACC_BRN","VARCHAR2"
"CLTB_ACCOUNT_UPLOAD","EXT_ACC_NO_CR","VARCHAR2"
"CLTB_ACCOUNT_UPLOAD","EXT_ACC_NAME_CR","VARCHAR2"
"CLTB_ACCOUNT_UPLOAD","CLG_BANK_CODE_CR","VARCHAR2"
"CLTB_ACCOUNT_UPLOAD","CLG_BRN_CODE_CR","VARCHAR2"
"CLTB_ACCOUNT_UPLOAD","PC_CAT_CR","VARCHAR2"
"CLTB_ACCOUNT_UPLOAD","EXT_ACC_NO_DR","VARCHAR2"
"CLTB_ACCOUNT_UPLOAD","EXT_ACC_NAME_DR","VARCHAR2"
"CLTB_ACCOUNT_UPLOAD","CLG_BANK_CODE_DR","VARCHAR2"
"CLTB_ACCOUNT_UPLOAD","CLG_BRN_CODE_DR","VARCHAR2"
"CLTB_ACCOUNT_UPLOAD","PC_CAT_DR","VARCHAR2"
"CLTB_ACCOUNT_UPLOAD","CARD_NO","VARCHAR2"
"CLTB_ACCOUNT_UPLOAD","INSTRUMENT_NO_CR","VARCHAR2"
"CLTB_ACCOUNT_UPLOAD","ROUTING_NO_CR","VARCHAR2"
"CLTB_ACCOUNT_UPLOAD","END_POINT_CR","VARCHAR2"
"CLTB_ACCOUNT_UPLOAD","CLG_PROD_CODE_CR","VARCHAR2"
"CLTB_ACCOUNT_UPLOAD","SECTOR_CODE_CR","VARCHAR2"
"CLTB_ACCOUNT_UPLOAD","INSTRUMENT_NO_DR","VARCHAR2"
"CLTB_ACCOUNT_UPLOAD","ROUTING_NO_DR","VARCHAR2"
"CLTB_ACCOUNT_UPLOAD","END_POINT_DR","VARCHAR2"
"CLTB_ACCOUNT_UPLOAD","CLG_PROD_CODE_DR","VARCHAR2"
"CLTB_ACCOUNT_UPLOAD","SECTOR_CODE_DR","VARCHAR2"
"CLTB_ACCOUNT_UPLOAD","UPLOAD_SOURCE_DR","VARCHAR2"
"CLTB_ACCOUNT_UPLOAD","UPLOAD_SOURCE_CR","VARCHAR2"
"CLTB_ACCOUNT_UPLOAD","EMI_AMOUNT","NUMBER"
"CLTB_ACCOUNT_UPLOAD","CUTOFF_TRANSACTION","VARCHAR2"
"CLTB_ACCOUNT_UPLOAD","DELINQUENCY_STATUS","VARCHAR2"
"CLTB_ACCOUNT_UPLOAD","EXECUTION_DATE","DATE"
"CLTB_ACCOUNT_UPLOAD","MIGRATION_DATE","DATE"
"CLTB_ACCOUNT_UPLOAD","USGT_STATUS","VARCHAR2"
"CLTB_ACCOUNT_UPLOAD","LAST_INTRADAY_ACCR_DT","DATE"
"CLTB_ACCOUNT_UPLOAD","GIRO_MODE_DR","VARCHAR2"
"CLTB_ACCOUNT_UPLOAD","GIRO_SERVICE_DR","VARCHAR2"
"CLTB_ACCOUNT_UPLOAD","GIRO_NUMBER_DR","VARCHAR2"
"CLTB_ACCOUNT_UPLOAD","PAYER_ACC_NO_DR","VARCHAR2"
"CLTB_ACCOUNT_UPLOAD","PAYER_BANK_CODE_DR","VARCHAR2"
"CLTB_ACCOUNT_UPLOAD","PAYER_BRANCH_DR","VARCHAR2"
"CLTB_ACCOUNT_UPLOAD","PAYER_ADDRESS1_DR","VARCHAR2"
"CLTB_ACCOUNT_UPLOAD","PAYER_ADDRESS2_DR","VARCHAR2"
"CLTB_ACCOUNT_UPLOAD","PAYER_ADDRESS3_DR","VARCHAR2"
"CLTB_ACCOUNT_UPLOAD","PAYER_ADDRESS4_DR","VARCHAR2"
"CLTB_ACCOUNT_UPLOAD","GIRO_MODE_CR","VARCHAR2"
"CLTB_ACCOUNT_UPLOAD","GIRO_SERVICE_CR","VARCHAR2"
"CLTB_ACCOUNT_UPLOAD","GIRO_NUMBER_CR","VARCHAR2"
"CLTB_ACCOUNT_UPLOAD","PAYER_ACC_NO_CR","VARCHAR2"
"CLTB_ACCOUNT_UPLOAD","PAYER_BANK_CODE_CR","VARCHAR2"
"CLTB_ACCOUNT_UPLOAD","PAYER_BRANCH_CR","VARCHAR2"
"CLTB_ACCOUNT_UPLOAD","PAYER_ADDRESS1_CR","VARCHAR2"
"CLTB_ACCOUNT_UPLOAD","PAYER_ADDRESS2_CR","VARCHAR2"
"CLTB_ACCOUNT_UPLOAD","PAYER_ADDRESS3_CR","VARCHAR2"
"CLTB_ACCOUNT_UPLOAD","PAYER_ADDRESS4_CR","VARCHAR2"
"CLTB_ACCOUNT_UPLOAD","DUE_DATES_ON","NUMBER"
"CLTB_ACCOUNT_UPLOAD","USER_REF_NO","VARCHAR2"
"CLTB_ACCOUNT_UPLOAD","BILL_REF_NO","VARCHAR2"
"CLTB_ACCOUNT_UPLOAD","ROLLOVER_ALLOWED","VARCHAR2"
"CLTB_ACCOUNT_UPLOAD","AMT_AVAILABLE","NUMBER"
"CLTB_ACCOUNT_UPLOAD","COMMITMENT_TYPE","VARCHAR2"
"CLTB_ACCOUNT_UPLOAD","LOAN_TYPE","VARCHAR2"
"CLTB_ACCOUNT_UPLOAD","MODULE_CODE","VARCHAR2"
"CLTB_ACCOUNT_UPLOAD","UPLOAD_STATUS","VARCHAR2"
"CLTB_ACCOUNT_UPLOAD","ERROR_CODE","VARCHAR2"
"CLTB_ACCOUNT_UPLOAD","JOB_ID","NUMBER"
"CLTB_ACCOUNT_UPLOAD","PROCESS_CODE","VARCHAR2"
"CLTB_ACCOUNT_UPLOAD","SEQUENCE_NO","NUMBER"
"CLTB_ACCOUNT_UPLOAD","PACKING_CREDIT","VARCHAR2"
"CLTB_ACCOUNT_UPLOAD","EMI_FREQ","NUMBER"
"CLTB_ACCOUNT_UPLOAD","MIN_EMI","NUMBER"
"CLTB_ACCOUNT_UPLOAD","MAX_EMI","NUMBER"
"CLTB_ACCOUNT_UPLOAD","EMI_FREQ_UNIT","VARCHAR2"
"CLTB_ACCOUNT_UPLOAD","END_DATE","DATE"
"CLTB_ACCOUNT_UPLOAD","AMOUNT_UTILIZED","NUMBER"
"CLTB_ACCOUNT_UPLOAD","MIN_AMT_DUE_RULE","VARCHAR2"
"CLTB_ACCOUNT_UPLOAD","FIRST_PAY_BY_DATE","DATE"
"CLTB_ACCOUNT_UPLOAD","CREDITDAYS","NUMBER"
"CLTB_ACCOUNT_UPLOAD","OPEN_LINE_LOAN","VARCHAR2"
"CLTB_ACCOUNT_UPLOAD","REVOLVING_TYPE","VARCHAR2"
"CLTB_ACCOUNT_UPLOAD","USE_GUARANTOR","VARCHAR2"
"CLTB_ACCOUNT_UPLOAD","PROP_HANDOVER","VARCHAR2"
"CLTB_ACCOUNT_UPLOAD","HANDOVER_DATE","DATE"
"CLTB_ACCOUNT_UPLOAD","HANDOVER_CONF","VARCHAR2"
"CLTB_ACCOUNT_UPLOAD","DAYS_FOR_CIF_AC","NUMBER"
"CLTB_ACCOUNT_UPLOAD","DAYS_FOR_GUA_AC","NUMBER"
"CLTB_ACCOUNT_UPLOAD","SUPP_GRACE_PERIOD","NUMBER"
"CLTB_ACCOUNT_UPLOAD","CUST_GRACE_PERIOD","NUMBER"
"CLTB_ACCOUNT_UPLOAD","END_CONSTRUCT_DT","DATE"
"CLTB_ACCOUNT_UPLOAD","RETRIES_ADVICE_DAYS","NUMBER"
"CLTB_ACCOUNT_UPLOAD","LOAN_STLMNT_NOTICEFLG","VARCHAR2"
"CLTB_ACCOUNT_UPLOAD","SOURCE_CODE","VARCHAR2"
"CLTB_ACCOUNT_UPLOAD","ACCOUNT_NUMBER","VARCHAR2"
"CLTB_ACCOUNT_UPLOAD","BRANCH_CODE","VARCHAR2"
"CLTB_ACCOUNT_UPLOAD","ALT_ACC_NO","VARCHAR2"
"CLTB_ACCOUNT_UPLOAD","APPLICATION_NUM","VARCHAR2"
"CLTB_ACCOUNT_UPLOAD","CUSTOMER_ID","VARCHAR2"
"CLTB_ACCOUNT_UPLOAD","PRODUCT_CODE","VARCHAR2"
"CLTB_ACCOUNT_UPLOAD","PRODUCT_CATEGORY","VARCHAR2"
"CLTB_ACCOUNT_UPLOAD","BOOK_DATE","DATE"
"CLTB_ACCOUNT_UPLOAD","VALUE_DATE","DATE"
"CLTB_ACCOUNT_UPLOAD","MATURITY_DATE","DATE"
"CLTB_ACCOUNT_UPLOAD","AMOUNT_FINANCED","NUMBER"
"CLTB_ACCOUNT_UPLOAD","DOWNPAYMENT_AMOUNT","NUMBER"
"CLTB_ACCOUNT_UPLOAD","CURRENCY","VARCHAR2"
"CLTB_ACCOUNT_UPLOAD","ORIGINAL_ST_DATE","DATE"
"CLTB_ACCOUNT_UPLOAD","PRIMARY_APPLICANT_ID","VARCHAR2"
"CLTB_ACCOUNT_UPLOAD","PRIMARY_APPLICANT_NAME","VARCHAR2"
"CLTB_ACCOUNT_UPLOAD","USER_DEFINED_STATUS","VARCHAR2"
"CLTB_ACCOUNT_UPLOAD","CALC_REQD","VARCHAR2"
"CLTB_ACCOUNT_UPLOAD","BACK_VAL_EFF_DT","DATE"
"CLTB_ACCOUNT_UPLOAD","AUTO_MAN_ROLLOVER","VARCHAR2"
"CLTB_ACCOUNT_UPLOAD","SCHEDULE_BASIS","VARCHAR2"
"CLTB_ACCOUNT_UPLOAD","UDE_ROLLOVER_BASIS","VARCHAR2"
"CLTB_ACCOUNT_UPLOAD","ROLLOVER_TYPE","VARCHAR2"
"CLTB_ACCOUNT_UPLOAD","SPECIAL_AMOUNT","NUMBER"
"CLTB_ACCOUNT_UPLOAD","RATE_CODE_PREF","VARCHAR2"
"CLTB_ACCOUNT_UPLOAD","PASSBOOK_FACILITY","VARCHAR2"
"CLTB_ACCOUNT_UPLOAD","ATM_FACILITY","VARCHAR2"
"CLTB_ACCOUNT_UPLOAD","ALLOW_BACK_PERIOD_ENTRY","VARCHAR2"
"CLTB_ACCOUNT_UPLOAD","INT_STMT","VARCHAR2"
"CLTB_ACCOUNT_UPLOAD","TRACK_RECEIVABLE_ALIQ","VARCHAR2"
"CLTB_ACCOUNT_UPLOAD","TRACK_RECEIVABLE_MLIQ","VARCHAR2"
"CLTB_ACCOUNT_UPLOAD","LIQUIDATION_MODE","VARCHAR2"
"CLTB_ACCOUNT_UPLOAD","AMEND_PAST_PAID_SCHEDULE","VARCHAR2"
"CLTB_ACCOUNT_UPLOAD","CHEQUE_BOOK_FACILITY","VARCHAR2"
"CLTB_ACCOUNT_UPLOAD","LIQ_BACK_VALUED_SCHEDULES","VARCHAR2"
"CLTB_ACCOUNT_UPLOAD","LIQ_COMP_DATES_FLAG","VARCHAR2"
"CLTB_ACCOUNT_UPLOAD","RETRIES_AUTO_LIQ","NUMBER"
"CLTB_ACCOUNT_UPLOAD","RESIDUAL_AMOUNT","NUMBER"
"CLTB_ACCOUNT_UPLOAD","ACCOUNT_STATUS","VARCHAR2"
"CLTB_ACCOUNT_UPLOAD","AUTH_STAT","VARCHAR2"
"CLTB_ACCOUNT_UPLOAD","VERSION_NO","NUMBER"
"CLTB_ACCOUNT_UPLOAD","LATEST_ESN","NUMBER"
"CLTB_ACCOUNT_UPLOAD","NEXT_ACCR_DATE","DATE"
"CLTB_ACCOUNT_UPLOAD","HAS_PROBLEMS","VARCHAR2"
"CLTB_ACCOUNT_UPLOAD","PROCESS_NO","NUMBER"
"CLTB_ACCOUNT_UPLOAD","AMOUNT_DISBURSED","NUMBER"
"CLTB_ACCOUNT_UPLOAD","STOP_ACCRUALS","VARCHAR2"
"CLTB_ACCOUNT_UPLOAD","FUNDED_STATUS","NUMBER"
"CLTB_ACCOUNT_UPLOAD","AMORTIZED","VARCHAR2"
"CLTB_ACCOUNT_UPLOAD","RECALC_ACTION_CODE","VARCHAR2"
"CLTB_ACCOUNT_UPLOAD","MAKER_ID","VARCHAR2"
"CLTB_ACCOUNT_UPLOAD","MAKER_DT_STAMP","DATE"
"CLTB_ACCOUNT_UPLOAD","CHECKER_ID","VARCHAR2"
"CLTB_ACCOUNT_UPLOAD","CHECKER_DT_STAMP","DATE"
"CLTB_ACCOUNT_UPLOAD","ARVN_APPLIED","VARCHAR2"
"CLTB_ACCOUNT_UPLOAD","PARTIAL_LIQUIDATION","VARCHAR2"
"CLTB_ACCOUNT_UPLOAD","ALIQ_REVERSED_PMT","VARCHAR2"
"CLTB_ACCOUNT_UPLOAD","NO_OF_INSTALLMENTS","NUMBER"
"CLTB_ACCOUNT_UPLOAD","FREQUENCY","NUMBER"
"CLTB_ACCOUNT_UPLOAD","FREQUENCY_UNIT","VARCHAR2"
"CLTB_ACCOUNT_UPLOAD","FIRST_INS_DATE","DATE"
"CLTB_ACCOUNT_UPLOAD","LINKED_REFERENCE","VARCHAR2"
"CLTB_ACCOUNT_UPLOAD","LINKAGE_TYPE","VARCHAR2"
"CLTB_ACCOUNT_UPLOAD","FIELD_CHAR_1","VARCHAR2"
"CLTB_ACCOUNT_UPLOAD","FIELD_CHAR_2","VARCHAR2"
"CLTB_ACCOUNT_UPLOAD","FIELD_CHAR_3","VARCHAR2"
"CLTB_ACCOUNT_UPLOAD","FIELD_CHAR_4","VARCHAR2"
"CLTB_ACCOUNT_UPLOAD","FIELD_CHAR_5","VARCHAR2"
"CLTB_ACCOUNT_UPLOAD","FIELD_CHAR_6","VARCHAR2"
"CLTB_ACCOUNT_UPLOAD","FIELD_CHAR_7","VARCHAR2"
"CLTB_ACCOUNT_UPLOAD","FIELD_CHAR_8","VARCHAR2"
"CLTB_ACCOUNT_UPLOAD","FIELD_CHAR_9","VARCHAR2"
"CLTB_ACCOUNT_UPLOAD","FIELD_CHAR_10","VARCHAR2"
"CLTB_ACCOUNT_UPLOAD","FIELD_CHAR_11","VARCHAR2"
"CLTB_ACCOUNT_UPLOAD","FIELD_CHAR_12","VARCHAR2"
"CLTB_ACCOUNT_UPLOAD","FIELD_CHAR_13","VARCHAR2"
"CLTB_ACCOUNT_UPLOAD","FIELD_CHAR_14","VARCHAR2"
"CLTB_ACCOUNT_UPLOAD","FIELD_CHAR_15","VARCHAR2"
"CLTB_ACCOUNT_UPLOAD","FIELD_CHAR_16","VARCHAR2"
"CLTB_ACCOUNT_UPLOAD","FIELD_CHAR_17","VARCHAR2"
"CLTB_ACCOUNT_UPLOAD","FIELD_CHAR_18","VARCHAR2"
"CLTB_ACCOUNT_UPLOAD","FIELD_CHAR_19","VARCHAR2"
"CLTB_ACCOUNT_UPLOAD","FIELD_CHAR_20","VARCHAR2"
"CLTB_ACCOUNT_UPLOAD","FIELD_NUMBER_1","NUMBER"
"CLTB_ACCOUNT_UPLOAD","FIELD_NUMBER_2","NUMBER"
"CLTB_ACCOUNT_UPLOAD","FIELD_NUMBER_3","NUMBER"
"CLTB_ACCOUNT_UPLOAD","FIELD_NUMBER_4","NUMBER"
"CLTB_ACCOUNT_UPLOAD","FIELD_NUMBER_5","NUMBER"
"CLTB_ACCOUNT_UPLOAD","FIELD_NUMBER_6","NUMBER"
"CLTB_ACCOUNT_UPLOAD","FIELD_NUMBER_7","NUMBER"
"CLTB_ACCOUNT_UPLOAD","FIELD_NUMBER_8","NUMBER"
"CLTB_ACCOUNT_UPLOAD","FIELD_NUMBER_9","NUMBER"
"CLTB_ACCOUNT_UPLOAD","FIELD_NUMBER_10","NUMBER"
"CLTB_ACCOUNT_UPLOAD","FIELD_NUMBER_11","NUMBER"
"CLTB_ACCOUNT_UPLOAD","FIELD_NUMBER_12","NUMBER"
"CLTB_ACCOUNT_UPLOAD","FIELD_NUMBER_13","NUMBER"
"CLTB_ACCOUNT_UPLOAD","FIELD_NUMBER_14","NUMBER"
"CLTB_ACCOUNT_UPLOAD","FIELD_NUMBER_15","NUMBER"
"CLTB_ACCOUNT_UPLOAD","FIELD_NUMBER_16","NUMBER"
"CLTB_ACCOUNT_UPLOAD","FIELD_NUMBER_17","NUMBER"
"CLTB_ACCOUNT_UPLOAD","NOTICE_DATE","DATE"
"CLTB_ACCOUNT_UPLOAD","EXPECTED_CLOSURE_DATE","DATE"
"CLTB_ACCOUNT_UPLOAD","ARRAHNU_EXTENSION","NUMBER"
"CLTB_ACCOUNT_UPLOAD","AUTO_CLOSE_COLLATERAL","VARCHAR2"
"CLTB_ACCOUNT_UPLOAD","STATUS_CHANGE_MODE","VARCHAR2"
"CLTB_ACCOUNT_UPLOAD","DOWNPAYMENT_PERCEN","NUMBER"
"CLTB_ACCOUNT_UPLOAD","TAKEN_OVER","CHAR"
"CLTB_ACCOUNT_UPLOAD","LEASE_TYPE","VARCHAR2"
"CLTB_ACCOUNT_UPLOAD","ASSET_TYPE","VARCHAR2"
"CLTB_ACCOUNT_UPLOAD","MUR_CONT_STATUS","VARCHAR2"
"CLTB_ACCOUNT_UPLOAD","RATE_CHG_ACTION","VARCHAR2"
"CLTB_ACCOUNT_UPLOAD","MFI_LOAN_TYPE","VARCHAR2"
"CLTB_ACCOUNT_UPLOAD","SANCTIONING_OFFICER","VARCHAR2"
"CLTB_ACCOUNT_UPLOAD","LOAN_DISBURSEMENT_CATEGORY","VARCHAR2"
"CLTB_LIQ_COMP_SETTLED","ACCOUNT_NUMBER","VARCHAR2"
"CLTB_LIQ_COMP_SETTLED","BRANCH_CODE","VARCHAR2"
"CLTB_LIQ_COMP_SETTLED","EVENT_SEQ_NO","NUMBER"
"CLTB_LIQ_COMP_SETTLED","COMPONENT_NAME","VARCHAR2"
"CLTB_LIQ_COMP_SETTLED","LOAN_CCY_EQUIV","NUMBER"
"CLTB_LIQ_COMP_SETTLED","SETTLEMENT_REF_NO","VARCHAR2"
"CLTB_LIQ_COMP_SETTLED","COMP_CCY_EQUIV","NUMBER"
"CLTM_PRODUCT_EVENT_ADVRULES","PRODUCT_CODE","VARCHAR2"
"CLTM_PRODUCT_EVENT_ADVRULES","EVENT_CODE","VARCHAR2"
"CLTM_PRODUCT_EVENT_ADVRULES","ADV_RULE_NO","NUMBER"
"CLTM_PRODUCT_EVENT_ADVRULES","COND","VARCHAR2"
"CLTM_PRODUCT_COMP_FRM_ELEMS","PRODUCT_CODE","VARCHAR2"
"CLTM_PRODUCT_COMP_FRM_ELEMS","COMPONENT_NAME","VARCHAR2"
"CLTM_PRODUCT_COMP_FRM_ELEMS","FORMULA_NAME","VARCHAR2"
"CLTM_PRODUCT_COMP_FRM_ELEMS","ELEM_ID","VARCHAR2"
"CLTM_PRODUCT_COMP_FRM_ELEMS","ELEM_TYPE","VARCHAR2"
"CLTM_PRODUCT_COMP_FRM_ELEMS","ELEM_DATATYPE","VARCHAR2"
"CLTB_ACC_UDE_EFF_DATES_HISTORY","ACCOUNT_NUMBER","VARCHAR2"
"CLTB_ACC_UDE_EFF_DATES_HISTORY","BRANCH_CODE","VARCHAR2"
"CLTB_ACC_UDE_EFF_DATES_HISTORY","EFFECTIVE_DATE","DATE"
"CLTB_ACC_UDE_EFF_DATES_HISTORY","VERSION_NO","NUMBER"
"CLTB_ACCOUNT_IRR_HISTORY","BRANCH_CODE","VARCHAR2"
"CLTB_ACCOUNT_IRR_HISTORY","ACCOUNT_NUMBER","VARCHAR2"
"CLTB_ACCOUNT_IRR_HISTORY","EFFECTIVE_DATE","DATE"
"CLTB_ACCOUNT_IRR_HISTORY","IRR","NUMBER"
"CLTB_ACCOUNT_IRR_HISTORY","ACCRUED_AMOUNT","NUMBER"
"CLTB_ACCOUNT_IRR_HISTORY","NPV","NUMBER"
"CLTB_ACCOUNT_IRR_HISTORY","ACQ_TYPE","VARCHAR2"
"CLTB_ACCOUNT_IRR_HISTORY","CUR_NPV_ACCRUED","NUMBER"
"CLTB_ACCOUNT_IRR_HISTORY","CALC_NPV","NUMBER"
"CLTB_ACCOUNT_IRR_HISTORY","NPV_CALC_DATE","DATE"
"CLTB_ACCOUNT_IRR_HISTORY","TO_BE_ACCRUED","NUMBER"
"CLTB_ACCOUNT_IRR_HISTORY","INT_ADJUSTMENT","NUMBER"
"CLTB_ACCOUNT_IRR_HISTORY","IRR_ON_OUTSTANDING","VARCHAR2"
"CLTB_ACCOUNT_IRR_HISTORY","VERSION_NO","NUMBER"
"CLTM_PRODUCT_DYNAMIC_DATA","ACTION_CODE","VARCHAR2"
"CLTM_PRODUCT_DYNAMIC_DATA","EVENT_CODE","VARCHAR2"
"CLTM_PRODUCT_DYNAMIC_DATA","PRODUCT_CODE","VARCHAR2"
"CLTM_PRODUCT_DYNAMIC_DATA","IDENTIFIER","VARCHAR2"
"CLTM_PRODUCT_DYNAMIC_DATA","ITEM_NAME","VARCHAR2"
"CLTM_PRODUCT_DYNAMIC_DATA","ITEM_DESC","VARCHAR2"
"CLTM_PRODUCT_AUTH_REKEY","PRODUCT_CODE","VARCHAR2"
"CLTM_PRODUCT_AUTH_REKEY","FIELD_NAME","VARCHAR2"
"CLTB_ACC_PENL_CHRG_PROCESED","ACCOUNT_NUMBER","VARCHAR2"
"CLTB_ACC_PENL_CHRG_PROCESED","BRANCH_CODE","VARCHAR2"
"CLTB_ACC_PENL_CHRG_PROCESED","PROCESSING_DATE","DATE"
"CLTB_ACC_PENL_CHRG_PROCESED","STATUS","VARCHAR2"
"CLTB_ACC_PENL_CHRG_PROCESED","SCHEDULE_DUE_DATE","DATE"
"CLTB_ACC_PENL_CHRG_PROCESED","AMOUNT_DUE","NUMBER"
"CLTB_ACC_PENL_CHRG_PROCESED","PENAL_CHRG_AMT","NUMBER"
"CLTB_ACC_PARTIES_AMND_HIST","ACCOUNT_NUMBER","VARCHAR2"
"CLTB_ACC_PARTIES_AMND_HIST","BRANCH_CODE","VARCHAR2"
"CLTB_ACC_PARTIES_AMND_HIST","CUSTOMER_ID","VARCHAR2"
"CLTB_ACC_PARTIES_AMND_HIST","CUSTOMER_NAME","VARCHAR2"
"CLTB_ACC_PARTIES_AMND_HIST","RESPONSIBILITY","VARCHAR2"
"CLTB_ACC_PARTIES_AMND_HIST","LIABILITY","NUMBER"
"CLTB_ACC_PARTIES_AMND_HIST","LIABILITY_AMT","NUMBER"
"CLTB_ACC_PARTIES_AMND_HIST","EFFECTIVE_DATE","DATE"
"CLTB_ACC_PARTIES_AMND_HIST","VAMI_ESN","NUMBER"
"CLTB_ACC_PARTIES_AMND_HIST","EFF_PARTIES_DATE","DATE"
"CLTB_COMP_BALANCES_HISTORY","ACCOUNT_NUMBER","VARCHAR2"
"CLTB_COMP_BALANCES_HISTORY","BRANCH_CODE","VARCHAR2"
"CLTB_COMP_BALANCES_HISTORY","VERSION_NO","NUMBER"
"CLTB_COMP_BALANCES_HISTORY","COMPONENT_NAME","VARCHAR2"
"CLTB_COMP_BALANCES_HISTORY","VAL_DATE","DATE"
"CLTB_COMP_BALANCES_HISTORY","BALANCE","NUMBER"
"CLTB_ACC_UDE_VALUES_HISTORY","ACCOUNT_NUMBER","VARCHAR2"
"CLTB_ACC_UDE_VALUES_HISTORY","BRANCH_CODE","VARCHAR2"
"CLTB_ACC_UDE_VALUES_HISTORY","EFFECTIVE_DATE","DATE"
"CLTB_ACC_UDE_VALUES_HISTORY","UDE_ID","VARCHAR2"
"CLTB_ACC_UDE_VALUES_HISTORY","VERSION_NO","NUMBER"
"CLTB_ACC_UDE_VALUES_HISTORY","UDE_VALUE","NUMBER"
"CLTB_ACC_UDE_VALUES_HISTORY","RATE_CODE","VARCHAR2"
"CLTB_ACC_UDE_VALUES_HISTORY","CODE_USAGE","VARCHAR2"
"CLTB_ACC_UDE_VALUES_HISTORY","MAINT_RSLV_FLAG","VARCHAR2"
"CLTB_ACC_UDE_VALUES_HISTORY","RESOLVED_VALUE","NUMBER"
"CLTM_PRODUCT_EVENTS","PRODUCT_CODE","VARCHAR2"
"CLTM_PRODUCT_EVENTS","EVENT_CODE","VARCHAR2"
"CLTM_PRODUCT_EVENTS","EVENT_SEQ_NO","NUMBER"
"CLTM_PRODUCT_EVENTS","EVENT_DESC","VARCHAR2"
"CLTB_ACCOUNT_ASSET_HOME","ACCOUNT_NUMBER","VARCHAR2"
"CLTB_ACCOUNT_ASSET_HOME","BRANCH_CODE","VARCHAR2"
"CLTB_ACCOUNT_ASSET_HOME","ASSET_CLASS","VARCHAR2"
"CLTB_ACCOUNT_ASSET_HOME","ASSET_TYPE","VARCHAR2"
"CLTB_ACCOUNT_ASSET_HOME","ASSET_SUB_TYPE","VARCHAR2"
"CLTB_ACCOUNT_ASSET_HOME","ASSET_STATUS","VARCHAR2"
"CLTB_ACCOUNT_ASSET_HOME","OCCUPANCY_TYPE","VARCHAR2"
"CLTB_ACCOUNT_ASSET_HOME","ASSET_YEAR","VARCHAR2"
"CLTB_ACCOUNT_ASSET_HOME","ASSET_MAKE","VARCHAR2"
"CLTB_ACCOUNT_ASSET_HOME","ASSET_MODEL","VARCHAR2"
"CLTB_ACCOUNT_ASSET_HOME","ASSET_WIDTH","VARCHAR2"
"CLTB_ACCOUNT_ASSET_HOME","ASSET_LENGTH","VARCHAR2"
"CLTB_ACCOUNT_ASSET_HOME","PURCHASE_ORDER_NO","VARCHAR2"
"CLTB_ACCOUNT_ASSET_HOME","GEO_CODE","VARCHAR2"
"CLTB_ACCOUNT_ASSET_HOME","BNA_CODE","VARCHAR2"
"CLTB_ACCOUNT_ASSET_HOME","MSA_CODE","VARCHAR2"
"CLTB_ACCOUNT_ASSET_HOME","ADDRESS1","VARCHAR2"
"CLTB_ACCOUNT_ASSET_HOME","ADDRESS2","VARCHAR2"
"CLTB_ACCOUNT_ASSET_HOME","ADDRESS3","VARCHAR2"
"CLTB_ACCOUNT_ASSET_HOME","ADDRESS4","VARCHAR2"
"CLTM_PRODUCT_INSTALL_STATUS","PRODUCT_CODE","VARCHAR2"
"CLTM_PRODUCT_INSTALL_STATUS","COMPONENT_NAME","VARCHAR2"
"CLTM_PRODUCT_INSTALL_STATUS","STATUS_CODE","VARCHAR2"
"CLTM_PRODUCT_INSTALL_STATUS","STATUS_RULE","VARCHAR2"
"CLTM_PRODUCT_INSTALL_STATUS","SEQ_NO","NUMBER"
"CLTM_PRODUCT_INSTALL_STATUS","COMP_PEN_ACCURAL","VARCHAR2"
"CLTM_PRODUCT_INSTALL_STATUS","STAT_DESCRIPTION","VARCHAR2"
"CLTM_PRODUCT_CATEGORY","PRODUCT_CATEGORY","VARCHAR2"
"CLTM_PRODUCT_CATEGORY","SCORING_RESOLVE_RULE","VARCHAR2"
"CLTM_PRODUCT_CATEGORY","CYCLE_CODE","VARCHAR2"
"CLTM_PRODUCT_CATEGORY","RECORD_STAT","VARCHAR2"
"CLTM_PRODUCT_CATEGORY","AUTH_STAT","VARCHAR2"
"CLTM_PRODUCT_CATEGORY","MOD_NO","NUMBER"
"CLTM_PRODUCT_CATEGORY","MAKER_ID","VARCHAR2"
"CLTM_PRODUCT_CATEGORY","MAKER_DT_STAMP","DATE"
"CLTM_PRODUCT_CATEGORY","CHECKER_ID","VARCHAR2"
"CLTM_PRODUCT_CATEGORY","CHECKER_DT_STAMP","DATE"
"CLTM_PRODUCT_CATEGORY","ONCE_AUTH","VARCHAR2"
"CLTM_PRODUCT_CATEGORY","PRODUCT_TYPE","VARCHAR2"
"CLTM_PRODUCT_CATEGORY","UNDERLYING_ASSET_TYPE","VARCHAR2"
"CLTM_PRODUCT_CATEGORY","CB_PORTFOLIO_TYPE","VARCHAR2"
"CLTM_PRODUCT_CATEGORY","CB_ACCOUNT_TYPE","VARCHAR2"
"CLTM_PRODUCT_CATEGORY","SC_RESOLVE_RULE_DESC","VARCHAR2"
"CLTM_PRODUCT_CATEGORY","CYCLE_CODE_DESC","VARCHAR2"
"CLTM_PRODUCT_CATEGORY","STATIC","VARCHAR2"
"CLTM_PRODUCT_CATEGORY","SECR_ALLOWED","VARCHAR2"
"CLTB_PROCESS_TILL_DATE","BRANCH_CODE","VARCHAR2"
"CLTB_PROCESS_TILL_DATE","PROCESS_NO","NUMBER"
"CLTB_PROCESS_TILL_DATE","PREVIOUS_TILL_DATE","DATE"
"CLTB_PROCESS_TILL_DATE","MODULE_CODE","VARCHAR2"
"CLTM_PRODUCT_UDE","PRODUCT_CODE","VARCHAR2"
"CLTM_PRODUCT_UDE","UDE_ID","VARCHAR2"
"CLTM_PRODUCT_UDE","UDE_DESC","VARCHAR2"
"CLTM_PRODUCT_UDE","UDE_TYPE","VARCHAR2"
"CLTM_PRODUCT_UDE","UDE_CCY","VARCHAR2"
"CLTM_PRODUCT_UDE","MIN_UDE_VAL","NUMBER"
"CLTM_PRODUCT_UDE","MAX_UDE_VAL","NUMBER"
"CLTM_PRODUCT_UDE","RATE_CHG_RESTRICTED","VARCHAR2"
"CLTB_ACCOUNT_CUST_LINKAGES","ACCOUNT_NUMBER","VARCHAR2"
"CLTB_ACCOUNT_CUST_LINKAGES","BRANCH_CODE","VARCHAR2"
"CLTB_ACCOUNT_CUST_LINKAGES","LINKED_REF_NO","VARCHAR2"
"CLTB_ACCOUNT_CUST_LINKAGES","CUSTOMER_ID","VARCHAR2"
"CLTB_ACC_UDE_EFFDT_AMND_HIST","ACCOUNT_NUMBER","VARCHAR2"
"CLTB_ACC_UDE_EFFDT_AMND_HIST","BRANCH_CODE","VARCHAR2"
"CLTB_ACC_UDE_EFFDT_AMND_HIST","EFFECTIVE_DATE","DATE"
"CLTB_ACC_UDE_EFFDT_AMND_HIST","AMND_EFF_DATE","DATE"
"CLTB_ACC_UDE_EFFDT_AMND_HIST","VAMI_ESN","NUMBER"
"CLTB_ACC_STCH_PROCESED","ACCOUNT_NUMBER","VARCHAR2"
"CLTB_ACC_STCH_PROCESED","BRANCH_CODE","VARCHAR2"
"CLTB_ACC_STCH_PROCESED","PROCESSING_DATE","DATE"
"CLTB_ACC_STCH_PROCESED","STATUS","VARCHAR2"
"CLTB_ACCOUNT_PARTIES_PART","ACCOUNT_NUMBER","VARCHAR2"
"CLTB_ACCOUNT_PARTIES_PART","BRANCH_CODE","VARCHAR2"
"CLTB_ACCOUNT_PARTIES_PART","CUSTOMER_ID","VARCHAR2"
"CLTB_ACCOUNT_PARTIES_PART","CUSTOMER_NAME","VARCHAR2"
"CLTB_ACCOUNT_PARTIES_PART","RESPONSIBILITY","VARCHAR2"
"CLTB_ACCOUNT_PARTIES_PART","LIABILITY","NUMBER"
"CLTB_ACCOUNT_PARTIES_PART","LIABILITY_AMT","NUMBER"
"CLTB_ACCOUNT_PARTIES_PART","EFFECTIVE_DATE","DATE"
"CLTB_ACCOUNT_HISTORY","FIELD_DATE_5","DATE"
"CLTB_ACCOUNT_HISTORY","FIELD_DATE_6","DATE"
"CLTB_ACCOUNT_HISTORY","FIELD_DATE_7","DATE"
"CLTB_ACCOUNT_HISTORY","FIELD_DATE_8","DATE"
"CLTB_ACCOUNT_HISTORY","FIELD_DATE_9","DATE"
"CLTB_ACCOUNT_HISTORY","FIELD_DATE_10","DATE"
"CLTB_ACCOUNT_HISTORY","ROLL_BY","VARCHAR2"
"CLTB_ACCOUNT_HISTORY","MATURITY_TYPE","VARCHAR2"
"CLTB_ACCOUNT_HISTORY","NET_PRINCIPAL","NUMBER"
"CLTB_ACCOUNT_HISTORY","DR_PAYMENT_MODE","VARCHAR2"
"CLTB_ACCOUNT_HISTORY","CR_PAYMENT_MODE","VARCHAR2"
"CLTB_ACCOUNT_HISTORY","DR_PROD_AC","VARCHAR2"
"CLTB_ACCOUNT_HISTORY","CR_PROD_AC","VARCHAR2"
"CLTB_ACCOUNT_HISTORY","DR_ACC_BRN","VARCHAR2"
"CLTB_ACCOUNT_HISTORY","CR_ACC_BRN","VARCHAR2"
"CLTB_ACCOUNT_HISTORY","EXT_ACC_NO_CR","VARCHAR2"
"CLTB_ACCOUNT_HISTORY","EXT_ACC_NAME_CR","VARCHAR2"
"CLTB_ACCOUNT_HISTORY","CLG_BANK_CODE_CR","VARCHAR2"
"CLTB_ACCOUNT_HISTORY","CLG_BRN_CODE_CR","VARCHAR2"
"CLTB_ACCOUNT_HISTORY","PC_CAT_CR","VARCHAR2"
"CLTB_ACCOUNT_HISTORY","EXT_ACC_NO_DR","VARCHAR2"
"CLTB_ACCOUNT_HISTORY","EXT_ACC_NAME_DR","VARCHAR2"
"CLTB_ACCOUNT_HISTORY","CLG_BANK_CODE_DR","VARCHAR2"
"CLTB_ACCOUNT_HISTORY","CLG_BRN_CODE_DR","VARCHAR2"
"CLTB_ACCOUNT_HISTORY","PC_CAT_DR","VARCHAR2"
"CLTB_ACCOUNT_HISTORY","CARD_NO","VARCHAR2"
"CLTB_ACCOUNT_HISTORY","INSTRUMENT_NO_CR","VARCHAR2"
"CLTB_ACCOUNT_HISTORY","ROUTING_NO_CR","VARCHAR2"
"CLTB_ACCOUNT_HISTORY","END_POINT_CR","VARCHAR2"
"CLTB_ACCOUNT_HISTORY","CLG_PROD_CODE_CR","VARCHAR2"
"CLTB_ACCOUNT_HISTORY","SECTOR_CODE_CR","VARCHAR2"
"CLTB_ACCOUNT_HISTORY","INSTRUMENT_NO_DR","VARCHAR2"
"CLTB_ACCOUNT_HISTORY","ROUTING_NO_DR","VARCHAR2"
"CLTB_ACCOUNT_HISTORY","END_POINT_DR","VARCHAR2"
"CLTB_ACCOUNT_HISTORY","CLG_PROD_CODE_DR","VARCHAR2"
"CLTB_ACCOUNT_HISTORY","SECTOR_CODE_DR","VARCHAR2"
"CLTB_ACCOUNT_HISTORY","UPLOAD_SOURCE_DR","VARCHAR2"
"CLTB_ACCOUNT_HISTORY","UPLOAD_SOURCE_CR","VARCHAR2"
"CLTB_ACCOUNT_HISTORY","EMI_AMOUNT","NUMBER"
"CLTB_ACCOUNT_HISTORY","CUTOFF_TRANSACTION","VARCHAR2"
"CLTB_ACCOUNT_HISTORY","DELINQUENCY_STATUS","VARCHAR2"
"CLTB_ACCOUNT_HISTORY","EXECUTION_DATE","DATE"
"CLTB_ACCOUNT_HISTORY","MIGRATION_DATE","DATE"
"CLTB_ACCOUNT_HISTORY","USGT_STATUS","VARCHAR2"
"CLTB_ACCOUNT_HISTORY","LAST_INTRADAY_ACCR_DT","DATE"
"CLTB_ACCOUNT_HISTORY","GIRO_MODE_DR","VARCHAR2"
"CLTB_ACCOUNT_HISTORY","GIRO_SERVICE_DR","VARCHAR2"
"CLTB_ACCOUNT_HISTORY","GIRO_NUMBER_DR","VARCHAR2"
"CLTB_ACCOUNT_HISTORY","PAYER_ACC_NO_DR","VARCHAR2"
"CLTB_ACCOUNT_HISTORY","PAYER_BANK_CODE_DR","VARCHAR2"
"CLTB_ACCOUNT_HISTORY","PAYER_BRANCH_DR","VARCHAR2"
"CLTB_ACCOUNT_HISTORY","PAYER_ADDRESS1_DR","VARCHAR2"
"CLTB_ACCOUNT_HISTORY","PAYER_ADDRESS2_DR","VARCHAR2"
"CLTB_ACCOUNT_HISTORY","PAYER_ADDRESS3_DR","VARCHAR2"
"CLTB_ACCOUNT_HISTORY","PAYER_ADDRESS4_DR","VARCHAR2"
"CLTB_ACCOUNT_HISTORY","GIRO_MODE_CR","VARCHAR2"
"CLTB_ACCOUNT_HISTORY","GIRO_SERVICE_CR","VARCHAR2"
"CLTB_ACCOUNT_HISTORY","GIRO_NUMBER_CR","VARCHAR2"
"CLTB_ACCOUNT_HISTORY","PAYER_ACC_NO_CR","VARCHAR2"
"CLTB_ACCOUNT_HISTORY","PAYER_BANK_CODE_CR","VARCHAR2"
"CLTB_ACCOUNT_HISTORY","PAYER_BRANCH_CR","VARCHAR2"
"CLTB_ACCOUNT_HISTORY","PAYER_ADDRESS1_CR","VARCHAR2"
"CLTB_ACCOUNT_HISTORY","PAYER_ADDRESS2_CR","VARCHAR2"
"CLTB_ACCOUNT_HISTORY","PAYER_ADDRESS3_CR","VARCHAR2"
"CLTB_ACCOUNT_HISTORY","PAYER_ADDRESS4_CR","VARCHAR2"
"CLTB_ACCOUNT_HISTORY","DUE_DATES_ON","NUMBER"
"CLTB_ACCOUNT_HISTORY","USER_REF_NO","VARCHAR2"
"CLTB_ACCOUNT_HISTORY","BILL_REF_NO","VARCHAR2"
"CLTB_ACCOUNT_HISTORY","AMT_AVAILABLE","NUMBER"
"CLTB_ACCOUNT_HISTORY","COMMITMENT_TYPE","VARCHAR2"
"CLTB_ACCOUNT_HISTORY","LOAN_TYPE","VARCHAR2"
"CLTB_ACCOUNT_HISTORY","MODULE_CODE","VARCHAR2"
"CLTB_ACCOUNT_HISTORY","ROLLOVER_ALLOWED","VARCHAR2"
"CLTB_ACCOUNT_HISTORY","INDEX_XRATE","NUMBER"
"CLTB_ACCOUNT_HISTORY","LINE_ID","VARCHAR2"
"CLTB_ACCOUNT_HISTORY","PACKING_CREDIT","VARCHAR2"
"CLTB_ACCOUNT_HISTORY","RESIDUAL_VALUE_BASIS","VARCHAR2"
"CLTB_ACCOUNT_HISTORY","RESIDUAL_VALUE","NUMBER"
"CLTB_ACCOUNT_HISTORY","RESIDUAL_AUTO_LIQD","VARCHAR2"
"CLTB_ACCOUNT_HISTORY","LEASE_TYPE","VARCHAR2"
"CLTB_ACCOUNT_HISTORY","LEASE_PAYMENT_MODE","VARCHAR2"
"CLTB_ACCOUNT_HISTORY","SUBSIDY_CUSTOMER_ID","VARCHAR2"
"CLTB_ACCOUNT_HISTORY","INTEREST_SUBSIDY_ALLOWED","VARCHAR2"
"CLTB_ACCOUNT_HISTORY","RESIDUAL_SUBSIDY_ALLOWED","VARCHAR2"
"CLTB_ACCOUNT_HISTORY","RESIDUAL_SUBSIDY_VALUE","NUMBER"
"CLTB_ACCOUNT_HISTORY","SUPPLIER_ID","VARCHAR2"
"CLTB_ACCOUNT_HISTORY","FA_ASSET_REF_NO","VARCHAR2"
"CLTB_ACCOUNT_HISTORY","INSURANCE_COMP_CODE","VARCHAR2"
"CLTB_ACCOUNT_HISTORY","DERIVED_STATUS","VARCHAR2"
"CLTB_ACCOUNT_HISTORY","ALLOW_BULK_PAYMNET","VARCHAR2"
"CLTB_ACCOUNT_HISTORY","LOAN_TO_VALUE","NUMBER"
"CLTB_ACCOUNT_HISTORY","STOP_DSBR","VARCHAR2"
"CLTB_ACCOUNT_HISTORY","MORTGAGE_GROUP","VARCHAR2"
"CLTB_ACCOUNT_HISTORY","LEASE_EXTEND_BY","NUMBER"
"CLTB_ACCOUNT_HISTORY","NOTARY_AUTO_CONFIRMED","VARCHAR2"
"CLTB_ACCOUNT_HISTORY","INTERMEDIARY_INITIATED","VARCHAR2"
"CLTB_ACCOUNT_HISTORY","INTERMEDIARY_CODE","VARCHAR2"
"CLTB_ACCOUNT_HISTORY","RECALC_ANNUITY","VARCHAR2"
"CLTB_ACCOUNT_HISTORY","LOAN_STMT_REQD","VARCHAR2"
"CLTB_ACCOUNT_HISTORY","EMI_FREQ","NUMBER"
"CLTB_ACCOUNT_HISTORY","MIN_EMI","NUMBER"
"CLTB_ACCOUNT_HISTORY","MAX_EMI","NUMBER"
"CLTB_ACCOUNT_HISTORY","EMI_FREQ_UNIT","VARCHAR2"
"CLTB_ACCOUNT_HISTORY","END_DATE","DATE"
"CLTB_ACCOUNT_HISTORY","SUBSYSTEMSTAT","VARCHAR2"
"CLTB_ACCOUNT_HISTORY","USE_GUARANTOR","VARCHAR2"
"CLTB_ACCOUNT_HISTORY","AMOUNT_UTILIZED","NUMBER"
"CLTB_ACCOUNT_HISTORY","ACCOUNT_NUMBER","VARCHAR2"
"CLTB_ACCOUNT_HISTORY","BRANCH_CODE","VARCHAR2"
"CLTB_ACCOUNT_HISTORY","APPLICATION_NUM","VARCHAR2"
"CLTB_ACCOUNT_HISTORY","CUSTOMER_ID","VARCHAR2"
"CLTB_ACCOUNT_HISTORY","PRODUCT_CODE","VARCHAR2"
"CLTB_ACCOUNT_HISTORY","PRODUCT_CATEGORY","VARCHAR2"
"CLTB_ACCOUNT_HISTORY","BOOK_DATE","DATE"
"CLTB_ACCOUNT_HISTORY","VALUE_DATE","DATE"
"CLTB_ACCOUNT_HISTORY","MATURITY_DATE","DATE"
"CLTB_ACCOUNT_HISTORY","AMOUNT_FINANCED","NUMBER"
"CLTB_ACCOUNT_HISTORY","DOWNPAYMENT_AMOUNT","NUMBER"
"CLTB_ACCOUNT_HISTORY","CURRENCY","VARCHAR2"
"CLTB_ACCOUNT_HISTORY","ORIGINAL_ST_DATE","DATE"
"CLTB_ACCOUNT_HISTORY","PRIMARY_APPLICANT_ID","VARCHAR2"
"CLTB_ACCOUNT_HISTORY","PRIMARY_APPLICANT_NAME","VARCHAR2"
"CLTB_ACCOUNT_HISTORY","USER_DEFINED_STATUS","VARCHAR2"
"CLTB_ACCOUNT_HISTORY","CALC_REQD","VARCHAR2"
"CLTB_ACCOUNT_HISTORY","BACK_VAL_EFF_DT","DATE"
"CLTB_ACCOUNT_HISTORY","AUTO_MAN_ROLLOVER","VARCHAR2"
"CLTB_ACCOUNT_HISTORY","SCHEDULE_BASIS","VARCHAR2"
"CLTB_ACCOUNT_HISTORY","UDE_ROLLOVER_BASIS","VARCHAR2"
"CLTB_ACCOUNT_HISTORY","ROLLOVER_TYPE","VARCHAR2"
"CLTB_ACCOUNT_HISTORY","SPECIAL_AMOUNT","NUMBER"
"CLTB_ACCOUNT_HISTORY","RATE_CODE_PREF","VARCHAR2"
"CLTB_ACCOUNT_HISTORY","PASSBOOK_FACILITY","VARCHAR2"
"CLTB_ACCOUNT_HISTORY","ATM_FACILITY","VARCHAR2"
"CLTB_ACCOUNT_HISTORY","ALLOW_BACK_PERIOD_ENTRY","VARCHAR2"
"CLTB_ACCOUNT_HISTORY","INT_STMT","VARCHAR2"
"CLTB_ACCOUNT_HISTORY","TRACK_RECEIVABLE_ALIQ","VARCHAR2"
"CLTB_ACCOUNT_HISTORY","TRACK_RECEIVABLE_MLIQ","VARCHAR2"
"CLTB_ACCOUNT_HISTORY","LIQUIDATION_MODE","VARCHAR2"
"CLTB_ACCOUNT_HISTORY","AMEND_PAST_PAID_SCHEDULE","VARCHAR2"
"CLTB_ACCOUNT_HISTORY","CHEQUE_BOOK_FACILITY","VARCHAR2"
"CLTB_ACCOUNT_HISTORY","LIQ_BACK_VALUED_SCHEDULES","VARCHAR2"
"CLTB_ACCOUNT_HISTORY","LIQ_COMP_DATES_FLAG","VARCHAR2"
"CLTB_ACCOUNT_HISTORY","RETRIES_AUTO_LIQ","NUMBER"
"CLTB_ACCOUNT_HISTORY","RESIDUAL_AMOUNT","NUMBER"
"CLTB_ACCOUNT_HISTORY","ACCOUNT_STATUS","VARCHAR2"
"CLTB_ACCOUNT_HISTORY","AUTH_STAT","VARCHAR2"
"CLTB_ACCOUNT_HISTORY","VERSION_NO","NUMBER"
"CLTB_ACCOUNT_HISTORY","LATEST_ESN","NUMBER"
"CLTB_ACCOUNT_HISTORY","NEXT_ACCR_DATE","DATE"
"CLTB_ACCOUNT_HISTORY","HAS_PROBLEMS","VARCHAR2"
"CLTB_ACCOUNT_HISTORY","PROCESS_NO","NUMBER"
"CLTB_ACCOUNT_HISTORY","AMOUNT_DISBURSED","NUMBER"
"CLTB_ACCOUNT_HISTORY","STOP_ACCRUALS","VARCHAR2"
"CLTB_ACCOUNT_HISTORY","FUNDED_STATUS","NUMBER"
"CLTB_ACCOUNT_HISTORY","AMORTIZED","VARCHAR2"
"CLTB_ACCOUNT_HISTORY","RECALC_ACTION_CODE","VARCHAR2"
"CLTB_ACCOUNT_HISTORY","MAKER_ID","VARCHAR2"
"CLTB_ACCOUNT_HISTORY","MAKER_DT_STAMP","DATE"
"CLTB_ACCOUNT_HISTORY","CHECKER_ID","VARCHAR2"
"CLTB_ACCOUNT_HISTORY","CHECKER_DT_STAMP","DATE"
"CLTB_ACCOUNT_HISTORY","ARVN_APPLIED","VARCHAR2"
"CLTB_ACCOUNT_HISTORY","ALT_ACC_NO","VARCHAR2"
"CLTB_ACCOUNT_HISTORY","PARTIAL_LIQUIDATION","VARCHAR2"
"CLTB_ACCOUNT_HISTORY","ALIQ_REVERSED_PMT","VARCHAR2"
"CLTB_ACCOUNT_HISTORY","NO_OF_INSTALLMENTS","NUMBER"
"CLTB_ACCOUNT_HISTORY","FREQUENCY","NUMBER"
"CLTB_ACCOUNT_HISTORY","FREQUENCY_UNIT","VARCHAR2"
"CLTB_ACCOUNT_HISTORY","FIRST_INS_DATE","DATE"
"CLTB_ACCOUNT_HISTORY","LINKED_REFERENCE","VARCHAR2"
"CLTB_ACCOUNT_HISTORY","LINKAGE_TYPE","VARCHAR2"
"CLTB_ACCOUNT_HISTORY","FIELD_CHAR_1","VARCHAR2"
"CLTB_ACCOUNT_HISTORY","FIELD_CHAR_2","VARCHAR2"
"CLTB_ACCOUNT_HISTORY","FIELD_CHAR_3","VARCHAR2"
"CLTB_ACCOUNT_HISTORY","FIELD_CHAR_4","VARCHAR2"
"CLTB_ACCOUNT_HISTORY","FIELD_CHAR_5","VARCHAR2"
"CLTB_ACCOUNT_HISTORY","FIELD_CHAR_6","VARCHAR2"
"CLTB_ACCOUNT_HISTORY","FIELD_CHAR_7","VARCHAR2"
"CLTB_ACCOUNT_HISTORY","FIELD_CHAR_8","VARCHAR2"
"CLTB_ACCOUNT_HISTORY","FIELD_CHAR_9","VARCHAR2"
"CLTB_ACCOUNT_HISTORY","FIELD_CHAR_10","VARCHAR2"
"CLTB_ACCOUNT_HISTORY","FIELD_CHAR_11","VARCHAR2"
"CLTB_ACCOUNT_HISTORY","FIELD_CHAR_12","VARCHAR2"
"CLTB_ACCOUNT_HISTORY","FIELD_CHAR_13","VARCHAR2"
"CLTB_ACCOUNT_HISTORY","FIELD_CHAR_14","VARCHAR2"
"CLTB_ACCOUNT_HISTORY","FIELD_CHAR_15","VARCHAR2"
"CLTB_ACCOUNT_HISTORY","FIELD_CHAR_16","VARCHAR2"
"CLTB_ACCOUNT_HISTORY","FIELD_CHAR_17","VARCHAR2"
"CLTB_ACCOUNT_HISTORY","FIELD_CHAR_18","VARCHAR2"
"CLTB_ACCOUNT_HISTORY","FIELD_CHAR_19","VARCHAR2"
"CLTB_ACCOUNT_HISTORY","FIELD_CHAR_20","VARCHAR2"
"CLTB_ACCOUNT_HISTORY","FIELD_NUMBER_1","NUMBER"
"CLTB_ACCOUNT_HISTORY","FIELD_NUMBER_2","NUMBER"
"CLTB_ACCOUNT_HISTORY","FIELD_NUMBER_3","NUMBER"
"CLTB_ACCOUNT_HISTORY","FIELD_NUMBER_4","NUMBER"
"CLTB_ACCOUNT_HISTORY","FIELD_NUMBER_5","NUMBER"
"CLTB_ACCOUNT_HISTORY","FIELD_NUMBER_6","NUMBER"
"CLTB_ACCOUNT_HISTORY","FIELD_NUMBER_7","NUMBER"
"CLTB_ACCOUNT_HISTORY","FIELD_NUMBER_8","NUMBER"
"CLTB_ACCOUNT_HISTORY","FIELD_NUMBER_9","NUMBER"
"CLTB_ACCOUNT_HISTORY","FIELD_NUMBER_10","NUMBER"
"CLTB_ACCOUNT_HISTORY","FIELD_NUMBER_11","NUMBER"
"CLTB_ACCOUNT_HISTORY","FIELD_NUMBER_12","NUMBER"
"CLTB_ACCOUNT_HISTORY","FIELD_NUMBER_13","NUMBER"
"CLTB_ACCOUNT_HISTORY","FIELD_NUMBER_14","NUMBER"
"CLTB_ACCOUNT_HISTORY","FIELD_NUMBER_15","NUMBER"
"CLTB_ACCOUNT_HISTORY","FIELD_NUMBER_16","NUMBER"
"CLTB_ACCOUNT_HISTORY","FIELD_NUMBER_17","NUMBER"
"CLTB_ACCOUNT_HISTORY","FIELD_NUMBER_18","NUMBER"
"CLTB_ACCOUNT_HISTORY","FIELD_NUMBER_19","NUMBER"
"CLTB_ACCOUNT_HISTORY","FIELD_NUMBER_20","NUMBER"
"CLTB_ACCOUNT_HISTORY","FIELD_DATE_1","DATE"
"CLTB_ACCOUNT_HISTORY","FIELD_DATE_2","DATE"
"CLTB_ACCOUNT_HISTORY","FIELD_DATE_3","DATE"
"CLTB_ACCOUNT_HISTORY","FIELD_DATE_4","DATE"
"CLTB_ACCOUNT_HISTORY","MIN_AMT_DUE_RULE","VARCHAR2"
"CLTB_ACCOUNT_HISTORY","FIRST_PAY_BY_DATE","DATE"
"CLTB_ACCOUNT_HISTORY","CREDITDAYS","NUMBER"
"CLTB_ACCOUNT_HISTORY","OPEN_LINE_LOAN","VARCHAR2"
"CLTB_ACCOUNT_HISTORY","REVOLVING_TYPE","VARCHAR2"
"CLTB_ACCOUNT_HISTORY","BOOK_UNEARNED_INTEREST","VARCHAR2"
"CLTB_ACCOUNT_HISTORY","UPFRONT_PROFIT_BOOKED","NUMBER"
"CLTB_ACCOUNT_HISTORY","ASSET_COST","NUMBER"
"CLTB_ACCOUNT_HISTORY","LIQD_RESIDUAL_VALUE","VARCHAR2"
"CLTB_ACCOUNT_HISTORY","DEALER","VARCHAR2"
"CLTB_ACCOUNT_HISTORY","PRINC_PREV_ACCRUAL","NUMBER"
"CLTB_ACCOUNT_HISTORY","FUND_ID","VARCHAR2"
"CLTB_ACCOUNT_HISTORY","AMORT_RESCHEDULE_ON_DSBR","VARCHAR2"
"CLTB_ACCOUNT_HISTORY","AMOUNT_BLOCK_FLAG","VARCHAR2"
"CLTB_ACCOUNT_HISTORY","AMOUNT_BLOCKED","NUMBER"
"CLTB_ACCOUNT_HISTORY","AMOUNT_BLOCK_REMARKS","VARCHAR2"
"CLTB_ACCOUNT_HISTORY","INSURANCE_FLAG","VARCHAR2"
"CLTB_ACCOUNT_HISTORY","TOTAL_SALE_VALUE","NUMBER"
"CLTB_ACCOUNT_HISTORY","UIDB_CALC_REQD","VARCHAR2"
"CLTB_ACCOUNT_HISTORY","BANK_SHARE_PERCENT","NUMBER"
"CLTB_ACCOUNT_HISTORY","CUST_SHARE_PERCENT","NUMBER"
"CLTB_ACCOUNT_HISTORY","WAKALA_ACC_NO","VARCHAR2"
"CLTB_ACCOUNT_HISTORY","FUTURE_DP_RECEIVABLE","NUMBER"
"CLTB_ACCOUNT_HISTORY","TOTAL_AMOUNT","NUMBER"
"CLTB_ACCOUNT_HISTORY","ALLOW_MULTIPLE_DP","VARCHAR2"
"CLTB_ACCOUNT_HISTORY","UIDB_NOMINAL_AMT","NUMBER"
"CLTB_ACCOUNT_HISTORY","END_CONSTRUCT_DT","DATE"
"CLTB_ACCOUNT_HISTORY","DAYS_FOR_GUA_AC","NUMBER"
"CLTB_ACCOUNT_HISTORY","DAYS_FOR_CIF_AC","NUMBER"
"CLTB_ACCOUNT_HISTORY","STAFF_FINANCE","VARCHAR2"
"CLTB_ACCOUNT_HISTORY","ALLOW_MULTI_PARTY","VARCHAR2"
"CLTB_ACCOUNT_HISTORY","POST_CONST_UIDB","NUMBER"
"CLTB_ACCOUNT_HISTORY","SUPP_GRACE_PERIOD","NUMBER"
"CLTB_ACCOUNT_HISTORY","SUPP_FREQUENCY_UNIT","VARCHAR2"
"CLTB_ACCOUNT_HISTORY","CUST_GRACE_PERIOD","NUMBER"
"CLTB_ACCOUNT_HISTORY","CUST_FREQUENCY_UNIT","VARCHAR2"
"CLTB_ACCOUNT_HISTORY","MATURITY_TENOR","NUMBER"
"CLTB_ACCOUNT_HISTORY","MATURITY_UNIT","VARCHAR2"
"CLTB_ACCOUNT_HISTORY","BALLOON_AMOUNT","NUMBER"
"CLTB_ACCOUNT_HISTORY","PROP_HANDOVER","VARCHAR2"
"CLTB_ACCOUNT_HISTORY","HANDOVER_DATE","DATE"
"CLTB_ACCOUNT_HISTORY","HANDOVER_CONF","VARCHAR2"
"CLTB_ACCOUNT_HISTORY","INSURANCE_FINANCED","VARCHAR2"
"CLTB_ACCOUNT_HISTORY","APPLICANT_INCOME","NUMBER"
"CLTB_ACCOUNT_HISTORY","RETRIES_ADVICE_DAYS","NUMBER"
"CLTB_ACCOUNT_HISTORY","LOAN_STLMNT_NOTICEFLG","VARCHAR2"
"CLTB_ACCOUNT_HISTORY","NOTICE_DATE","DATE"
"CLTB_ACCOUNT_HISTORY","EXPECTED_CLOSURE_DATE","DATE"
"CLTB_ACCOUNT_HISTORY","AUTO_CLOSE_COLLATERAL","VARCHAR2"
"CLTB_ACCOUNT_HISTORY","ARRAHNU_EXTENSION","NUMBER"
"CLTB_ACCOUNT_HISTORY","DOWNPAYMENT_PERCEN","NUMBER"
"CLTB_ACCOUNT_HISTORY","MAX_RNOG","NUMBER"
"CLTB_ACCOUNT_HISTORY","RNOG_NO","NUMBER"
"CLTB_ACCOUNT_HISTORY","STATUS_CHANGE_MODE","VARCHAR2"
"CLTB_ACCOUNT_HISTORY","TAKEN_OVER","CHAR"
"CLTB_ACCOUNT_HISTORY","ASSET_TYPE","VARCHAR2"
"CLTB_ACCOUNT_HISTORY","MUR_CONT_STATUS","VARCHAR2"
"CLTB_ACCOUNT_HISTORY","RATE_CHG_ACTION","VARCHAR2"
"CLTB_ACCOUNT_HISTORY","MFI_LOAN_TYPE","VARCHAR2"
"CLTB_ACCOUNT_HISTORY","SANCTIONING_OFFICER","VARCHAR2"
"CLTB_ACCOUNT_HISTORY","LOAN_DISBURSEMENT_CATEGORY","VARCHAR2"
"CLTB_ACCOUNT_HISTORY","LOAN_AGAINST_SAL","VARCHAR2"
"CLTB_ACCOUNT_HISTORY","PROJECT_ACCOUNT","VARCHAR2"
"CLTB_ACCOUNT_HISTORY","SECR_STATUS","VARCHAR2"
"CLTB_ACC_COMP_SCH_AMND_HIST","ACCOUNT_NUMBER","VARCHAR2"
"CLTB_ACC_COMP_SCH_AMND_HIST","BRANCH_CODE","VARCHAR2"
"CLTB_ACC_COMP_SCH_AMND_HIST","COMPONENT_NAME","VARCHAR2"
"CLTB_ACC_COMP_SCH_AMND_HIST","SCHEDULE_TYPE","VARCHAR2"
"CLTB_ACC_COMP_SCH_AMND_HIST","SCHEDULE_FLAG","VARCHAR2"
"CLTB_ACC_COMP_SCH_AMND_HIST","FORMULA_NAME","VARCHAR2"
"CLTB_ACC_COMP_SCH_AMND_HIST","SCH_START_DATE","DATE"
"CLTB_ACC_COMP_SCH_AMND_HIST","NO_OF_SCHEDULES","NUMBER"
"CLTB_ACC_COMP_SCH_AMND_HIST","FREQUENCY","NUMBER"
"CLTB_ACC_COMP_SCH_AMND_HIST","UNIT","VARCHAR2"
"CLTB_ACC_COMP_SCH_AMND_HIST","SCH_END_DATE","DATE"
"CLTB_ACC_COMP_SCH_AMND_HIST","AMOUNT","NUMBER"
"CLTB_ACC_COMP_SCH_AMND_HIST","PAYMENT_MODE","VARCHAR2"
"CLTB_ACC_COMP_SCH_AMND_HIST","PMNT_PROD_AC","VARCHAR2"
"CLTB_ACC_COMP_SCH_AMND_HIST","PAYMENT_DETAILS","VARCHAR2"
"CLTB_ACC_COMP_SCH_AMND_HIST","BEN_ACCOUNT","VARCHAR2"
"CLTB_ACC_COMP_SCH_AMND_HIST","BEN_BANK","VARCHAR2"
"CLTB_ACC_COMP_SCH_AMND_HIST","BEN_NAME","VARCHAR2"
"CLTB_ACC_COMP_SCH_AMND_HIST","CAPITALIZED","VARCHAR2"
"CLTB_ACC_COMP_SCH_AMND_HIST","FIRST_DUE_DATE","DATE"
"CLTB_ACC_COMP_SCH_AMND_HIST","WAIVER_FLAG","VARCHAR2"
"CLTB_ACC_COMP_SCH_AMND_HIST","EFFECTIVE_DATE","DATE"
"CLTB_ACC_COMP_SCH_AMND_HIST","VAMI_ESN","NUMBER"
"CLTB_ACC_COMP_SCH_AMND_HIST","DUE_DATES_ON","NUMBER"
"CLTB_ACC_COMP_SCH_AMND_HIST","COMPOUND_DAYS","NUMBER"
"CLTB_ACC_COMP_SCH_AMND_HIST","COMPOUND_MONTHS","NUMBER"
"CLTB_ACC_COMP_SCH_AMND_HIST","COMPOUND_YEARS","NUMBER"
"CLTB_ACC_COMP_SCH_AMND_HIST","EMI_AMOUNT","NUMBER"
"CLTB_ACC_COMP_SCH_AMND_HIST","DAYS_MTH","VARCHAR2"
"CLTB_ACC_COMP_SCH_AMND_HIST","DAYS_YEAR","VARCHAR2"
"CLTB_ACC_COMP_SCH_AMND_HIST","DP_AMOUNT","NUMBER"
"CLTB_ACC_COMP_SCH_AMND_HIST","PAY_MODE","VARCHAR2"
"CLTB_ACC_COMP_SCH_AMND_HIST","PAYABLE_ACC","VARCHAR2"
"CLTB_ACC_COMP_SCH_AMND_HIST","EXCH_RATE","NUMBER"
"CLTB_ACC_COMP_SCH_AMND_HIST","PAYABLE_ACC_CCY","VARCHAR2"
"CLTB_ACC_COMP_SCH_AMND_HIST","EMI_AS_PERCENTAGE_SALARY","NUMBER"
"CLTB_ACC_COMPONENTS_AMND_HIST","INSTRUMENT_NO_CR","VARCHAR2"
"CLTB_ACC_COMPONENTS_AMND_HIST","ROUTING_NO_CR","VARCHAR2"
"CLTB_ACC_COMPONENTS_AMND_HIST","END_POINT_CR","VARCHAR2"
"CLTB_ACC_COMPONENTS_AMND_HIST","CLG_PROD_CODE_CR","VARCHAR2"
"CLTB_ACC_COMPONENTS_AMND_HIST","SECTOR_CODE_CR","VARCHAR2"
"CLTB_ACC_COMPONENTS_AMND_HIST","INSTRUMENT_NO_DR","VARCHAR2"
"CLTB_ACC_COMPONENTS_AMND_HIST","ROUTING_NO_DR","VARCHAR2"
"CLTB_ACC_COMPONENTS_AMND_HIST","END_POINT_DR","VARCHAR2"
"CLTB_ACC_COMPONENTS_AMND_HIST","CLG_PROD_CODE_DR","VARCHAR2"
"CLTB_ACC_COMPONENTS_AMND_HIST","SECTOR_CODE_DR","VARCHAR2"
"CLTB_ACC_COMPONENTS_AMND_HIST","FUND_DURING_INIT","VARCHAR2"
"CLTB_ACC_COMPONENTS_AMND_HIST","FUND_DURING_ROLL","VARCHAR2"
"CLTB_ACC_COMPONENTS_AMND_HIST","COMPONENT_CCY","VARCHAR2"
"CLTB_ACC_COMPONENTS_AMND_HIST","UPLOAD_SOURCE_DR","VARCHAR2"
"CLTB_ACC_COMPONENTS_AMND_HIST","UPLOAD_SOURCE_CR","VARCHAR2"
"CLTB_ACC_COMPONENTS_AMND_HIST","VERIFY_FUNDS","VARCHAR2"
"CLTB_ACC_COMPONENTS_AMND_HIST","IRR_APPLICABLE","CHAR"
"CLTB_ACC_COMPONENTS_AMND_HIST","DAYS_MTH","VARCHAR2"
"CLTB_ACC_COMPONENTS_AMND_HIST","DAYS_YEAR","VARCHAR2"
"CLTB_ACC_COMPONENTS_AMND_HIST","GIRO_MODE_DR","VARCHAR2"
"CLTB_ACC_COMPONENTS_AMND_HIST","GIRO_SERVICE_DR","VARCHAR2"
"CLTB_ACC_COMPONENTS_AMND_HIST","GIRO_NUMBER_DR","VARCHAR2"
"CLTB_ACC_COMPONENTS_AMND_HIST","PAYER_ACC_NO_DR","VARCHAR2"
"CLTB_ACC_COMPONENTS_AMND_HIST","PAYER_BANK_CODE_DR","VARCHAR2"
"CLTB_ACC_COMPONENTS_AMND_HIST","PAYER_BRANCH_DR","VARCHAR2"
"CLTB_ACC_COMPONENTS_AMND_HIST","PAYER_ADDRESS1_DR","VARCHAR2"
"CLTB_ACC_COMPONENTS_AMND_HIST","PAYER_ADDRESS2_DR","VARCHAR2"
"CLTB_ACC_COMPONENTS_AMND_HIST","PAYER_ADDRESS3_DR","VARCHAR2"
"CLTB_ACC_COMPONENTS_AMND_HIST","PAYER_ADDRESS4_DR","VARCHAR2"
"CLTB_ACC_COMPONENTS_AMND_HIST","GIRO_MODE_CR","VARCHAR2"
"CLTB_ACC_COMPONENTS_AMND_HIST","GIRO_SERVICE_CR","VARCHAR2"
"CLTB_ACC_COMPONENTS_AMND_HIST","GIRO_NUMBER_CR","VARCHAR2"
"CLTB_ACC_COMPONENTS_AMND_HIST","PAYER_ACC_NO_CR","VARCHAR2"
"CLTB_ACC_COMPONENTS_AMND_HIST","PAYER_BANK_CODE_CR","VARCHAR2"
"CLTB_ACC_COMPONENTS_AMND_HIST","PAYER_BRANCH_CR","VARCHAR2"
"CLTB_ACC_COMPONENTS_AMND_HIST","PAYER_ADDRESS1_CR","VARCHAR2"
"CLTB_ACC_COMPONENTS_AMND_HIST","PAYER_ADDRESS2_CR","VARCHAR2"
"CLTB_ACC_COMPONENTS_AMND_HIST","PAYER_ADDRESS3_CR","VARCHAR2"
"CLTB_ACC_COMPONENTS_AMND_HIST","PAYER_ADDRESS4_CR","VARCHAR2"
"CLTB_ACC_COMPONENTS_AMND_HIST","EXCHANGE_RATE","NUMBER"
"CLTB_ACC_COMPONENTS_AMND_HIST","NEGOTIATED_RATE","NUMBER"
"CLTB_ACC_COMPONENTS_AMND_HIST","NEGOTIATION_REF_NO","VARCHAR2"
"CLTB_ACC_COMPONENTS_AMND_HIST","ORG_EXCH_RATE","NUMBER"
"CLTB_ACC_COMPONENTS_AMND_HIST","EXCHANGE_RATE_DR","NUMBER"
"CLTB_ACC_COMPONENTS_AMND_HIST","NEGOTIATED_RATE_DR","NUMBER"
"CLTB_ACC_COMPONENTS_AMND_HIST","NEGOTIATION_REF_NO_DR","VARCHAR2"
"CLTB_ACC_COMPONENTS_AMND_HIST","ORG_EXCH_RATE_DR","NUMBER"
"CLTB_ACC_COMPONENTS_AMND_HIST","LIQUIDATION_MODE","VARCHAR2"
"CLTB_ACC_COMPONENTS_AMND_HIST","ACCOUNT_NUMBER","VARCHAR2"
"CLTB_ACC_COMPONENTS_AMND_HIST","BRANCH_CODE","VARCHAR2"
"CLTB_ACC_COMPONENTS_AMND_HIST","COMPONENT_NAME","VARCHAR2"
"CLTB_ACC_COMPONENTS_AMND_HIST","SETTLEMENT_CCY","VARCHAR2"
"CLTB_ACC_COMPONENTS_AMND_HIST","COMPONENT_TYPE","VARCHAR2"
"CLTB_ACC_COMPONENTS_AMND_HIST","MAIN_COMPONENT","VARCHAR2"
"CLTB_ACC_COMPONENTS_AMND_HIST","SPL_INTEREST","VARCHAR2"
"CLTB_ACC_COMPONENTS_AMND_HIST","SPL_INTEREST_AMT","NUMBER"
"CLTB_ACC_COMPONENTS_AMND_HIST","PENAL_BASIS_COMP","VARCHAR2"
"CLTB_ACC_COMPONENTS_AMND_HIST","CAPITALIZED","VARCHAR2"
"CLTB_ACC_COMPONENTS_AMND_HIST","DR_PAYMENT_MODE","VARCHAR2"
"CLTB_ACC_COMPONENTS_AMND_HIST","CR_PAYMENT_MODE","VARCHAR2"
"CLTB_ACC_COMPONENTS_AMND_HIST","DR_PROD_AC","VARCHAR2"
"CLTB_ACC_COMPONENTS_AMND_HIST","CR_PROD_AC","VARCHAR2"
"CLTB_ACC_COMPONENTS_AMND_HIST","WAIVE","VARCHAR2"
"CLTB_ACC_COMPONENTS_AMND_HIST","DR_ACC_BRN","VARCHAR2"
"CLTB_ACC_COMPONENTS_AMND_HIST","CR_ACC_BRN","VARCHAR2"
"CLTB_ACC_COMPONENTS_AMND_HIST","SVC_ACC_AC","VARCHAR2"
"CLTB_ACC_COMPONENTS_AMND_HIST","SVC_ACC_BRN","VARCHAR2"
"CLTB_ACC_COMPONENTS_AMND_HIST","EFFECTIVE_DATE","DATE"
"CLTB_ACC_COMPONENTS_AMND_HIST","VAMI_ESN","NUMBER"
"CLTB_ACC_COMPONENTS_AMND_HIST","EXT_ACC_NO_CR","VARCHAR2"
"CLTB_ACC_COMPONENTS_AMND_HIST","EXT_ACC_NAME_CR","VARCHAR2"
"CLTB_ACC_COMPONENTS_AMND_HIST","CLG_BANK_CODE_CR","VARCHAR2"
"CLTB_ACC_COMPONENTS_AMND_HIST","CLG_BRN_CODE_CR","VARCHAR2"
"CLTB_ACC_COMPONENTS_AMND_HIST","PC_CAT_CR","VARCHAR2"
"CLTB_ACC_COMPONENTS_AMND_HIST","EXT_ACC_NO_DR","VARCHAR2"
"CLTB_ACC_COMPONENTS_AMND_HIST","EXT_ACC_NAME_DR","VARCHAR2"
"CLTB_ACC_COMPONENTS_AMND_HIST","CLG_BANK_CODE_DR","VARCHAR2"
"CLTB_ACC_COMPONENTS_AMND_HIST","CLG_BRN_CODE_DR","VARCHAR2"
"CLTB_ACC_COMPONENTS_AMND_HIST","PC_CAT_DR","VARCHAR2"
"CLTB_ACC_COMPONENTS_AMND_HIST","CARD_NO","VARCHAR2"
"CLTB_LIQ_PREPAID","ACCOUNT_NUMBER","VARCHAR2"
"CLTB_LIQ_PREPAID","BRANCH_CODE","VARCHAR2"
"CLTB_LIQ_PREPAID","PAYMENT_DATE","DATE"
"CLTB_LIQ_PREPAID","AMOUNT_PAID","NUMBER"
"CLTB_LIQ_PREPAID","PENALTY_PAID","NUMBER"
"CLTB_LIQ_PREPAID","EVENT_SEQ_NO","NUMBER"
"CLTB_MANUAL_STCH","BRANCH_CODE","VARCHAR2"
"CLTB_MANUAL_STCH","ACCOUNT_NUMBER","VARCHAR2"
"CLTB_MANUAL_STCH","EVENT_SEQ_NO","NUMBER"
"CLTB_MANUAL_STCH","EFFECTIVE_DATE","DATE"
"CLTB_MANUAL_STCH","CURRENT_STATUS","VARCHAR2"
"CLTB_MANUAL_STCH","NEW_STATUS","VARCHAR2"
"CLTB_MANUAL_STCH","AUTH_STAT","VARCHAR2"
"CLTB_MANUAL_STCH","MAKER_ID","VARCHAR2"
"CLTB_MANUAL_STCH","MAKER_DT_STAMP","DATE"
"CLTB_MANUAL_STCH","CHECKER_ID","VARCHAR2"
"CLTB_MANUAL_STCH","CHECKER_DT_STAMP","DATE"
"CLTB_MANUAL_STCH","STATUS_FLAG","VARCHAR2"
"CLTB_MANUAL_STCH","ACCRUAL_ESN","NUMBER"
"CLTM_PRODUCT_STATUS_LEVEL","PRODUCT_CODE","VARCHAR2"
"CLTM_PRODUCT_STATUS_LEVEL","STATUS_CODE","VARCHAR2"
"CLTM_PRODUCT_STATUS_LEVEL","ADVERSITY_LEVEL","NUMBER"
"CLTM_PRODUCT_STATUS_LEVEL","STOP_REVERSE","VARCHAR2"
"CLTM_PRODUCT_STATUS_LEVEL","READ_IN_STATUS","VARCHAR2"
"CLTM_PRODUCT_STATUS_LEVEL","STAT_DESCRIPTION","VARCHAR2"
"CLTM_PRODUCT_STATUS_LEVEL","REV_INT_INC","VARCHAR2"
"CLTM_PRODUCT_STATUS_LEVEL","REV_INT_INC_TENOR","NUMBER"
"CLTM_PRODUCT_STATUS_LEVEL","REV_INT_INC_UNITS","VARCHAR2"
"CLTM_PRODUCT_STATUS_LEVEL","LEAST_CUR_FIN_YR_GIVEN_PERIOD","VARCHAR2"
"CLTM_PRODUCT_STATUS_LEVEL","COMPOUND_ON_STCH","VARCHAR2"
"CLTB_ACCOUNT_ASSET_OTHERS","ACCOUNT_NUMBER","VARCHAR2"
"CLTB_ACCOUNT_ASSET_OTHERS","BRANCH_CODE","VARCHAR2"
"CLTB_ACCOUNT_ASSET_OTHERS","ASSET_CLASS","VARCHAR2"
"CLTB_ACCOUNT_ASSET_OTHERS","ASSET_TYPE","VARCHAR2"
"CLTB_ACCOUNT_ASSET_OTHERS","ASSET_SUB_TYPE","VARCHAR2"
"CLTB_ACCOUNT_ASSET_OTHERS","ASSET_STATUS","VARCHAR2"
"CLTB_ACCOUNT_ASSET_OTHERS","ASSET_YEAR","VARCHAR2"
"CLTB_ACCOUNT_ASSET_OTHERS","ASSET_MAKE","VARCHAR2"
"CLTB_ACCOUNT_ASSET_OTHERS","ASSET_MODEL","VARCHAR2"
"CLTB_ACCOUNT_ASSET_OTHERS","ASSET_BODY","VARCHAR2"
"CLTB_ACCOUNT_ASSET_OTHERS","IDENTIFICATION_NO","VARCHAR2"
"CLTB_ACCOUNT_ASSET_OTHERS","REG_NO","VARCHAR2"
"CLTB_ACCOUNT_ASSET_OTHERS","ADDRESS1","VARCHAR2"
"CLTB_ACCOUNT_ASSET_OTHERS","ADDRESS2","VARCHAR2"
"CLTB_ACCOUNT_ASSET_OTHERS","ADDRESS3","VARCHAR2"
"CLTB_ACCOUNT_ASSET_OTHERS","ADDRESS4","VARCHAR2"
"CLTB_AMOUNT_RECD_HISTORY","ACCOUNT_NUMBER","VARCHAR2"
"CLTB_AMOUNT_RECD_HISTORY","BRANCH_CODE","VARCHAR2"
"CLTB_AMOUNT_RECD_HISTORY","COMPONENT_NAME","VARCHAR2"
"CLTB_AMOUNT_RECD_HISTORY","RECD_DATE","DATE"
"CLTB_AMOUNT_RECD_HISTORY","BOOK_DATE","DATE"
"CLTB_AMOUNT_RECD_HISTORY","EVENT_SEQ_NO","NUMBER"
"CLTB_AMOUNT_RECD_HISTORY","RECD_TYPE","VARCHAR2"
"CLTB_AMOUNT_RECD_HISTORY","AMOUNT_RECD","NUMBER"
"CLTB_AMOUNT_RECD_HISTORY","VERSION_NO","NUMBER"
"CLTM_PRODUCT_UDE_BKP","PRODUCT_CODE","VARCHAR2"
"CLTM_PRODUCT_UDE_BKP","UDE_ID","VARCHAR2"
"CLTM_PRODUCT_UDE_BKP","UDE_DESC","VARCHAR2"
"CLTM_PRODUCT_UDE_BKP","UDE_TYPE","VARCHAR2"
"CLTM_PRODUCT_UDE_BKP","UDE_CCY","VARCHAR2"
"CLTM_PRODUCT_UDE_BKP","MIN_UDE_VAL","NUMBER"
"CLTM_PRODUCT_UDE_BKP","MAX_UDE_VAL","NUMBER"
"CLTM_PRODUCT_UDE_BKP","RATE_CHG_RESTRICTED","VARCHAR2"
"CLTB_ACC_COLLLNKDTL_HT","LIMIT_AMOUNT","NUMBER"
"CLTB_ACC_COLLLNKDTL_HT","LINKED_AMOUNT","NUMBER"
"CLTB_ACC_COLLLNKDTL_HT","LINKED_PERCENT_NUMBER","NUMBER"
"CLTB_ACC_COLLLNKDTL_HT","UTIL_ORDER","NUMBER"
"CLTB_ACC_COLLLNKDTL_HT","REINSTATE_ORDER","NUMBER"
"CLTB_ACC_COLLLNKDTL_HT","UTIL_AMOUNT","NUMBER"
"CLTB_ACC_COLLLNKDTL_HT","VERSION_NO","NUMBER"
"CLTB_ACC_COLLLNKDTL_HT","COMMITMENT_PRODUCT","VARCHAR2"
"CLTB_ACC_COLLLNKDTL_HT","STATUS","VARCHAR2"
"CLTB_ACC_COLLLNKDTL_HT","TAKEN_OVER","CHAR"
"CLTB_ACC_COLLLNKDTL_HT","ACCOUNT_NUMBER","VARCHAR2"
"CLTB_ACC_COLLLNKDTL_HT","BRANCH_CODE","VARCHAR2"
"CLTB_ACC_COLLLNKDTL_HT","LINKAGE_TYPE","VARCHAR2"
"CLTB_ACC_COLLLNKDTL_HT","LINKED_REFERENCE_NO","VARCHAR2"
"CLTB_ACC_COLLLNKDTL_HT","DESCRIPTION","VARCHAR2"
"CLTB_ACC_COLLLNKDTL_HT","LINKAGE_BRANCH","VARCHAR2"
"CLTB_ACC_COLLLNKDTL_HT","LINKAGE_CURRENCY","VARCHAR2"
"CLTB_ACC_COLLLNKDTL_HT","OVERALL_AMOUNT","NUMBER"
"CLTB_ACC_COLLLNKDTL_HT","COLLATERAL_CATEGORY","NUMBER"
"CLTB_ACC_COLLLNKDTL_HT","HAIRCUT","NUMBER"
"CLTB_MIG_ACCOUNT_SCHEDULE","EVENT_SEQ_NO","NUMBER"
"CLTB_MIG_ACCOUNT_SCHEDULE","SCHEDULE_LINKAGE","DATE"
"CLTB_MIG_ACCOUNT_SCHEDULE","CAPITALIZED","VARCHAR2"
"CLTB_MIG_ACCOUNT_SCHEDULE","PROCESS_NO","NUMBER"
"CLTB_MIG_ACCOUNT_SCHEDULE","AMOUNT_READJUSTED","NUMBER"
"CLTB_MIG_ACCOUNT_SCHEDULE","ADJ_SETTLED","NUMBER"
"CLTB_MIG_ACCOUNT_SCHEDULE","SCH_STATUS","VARCHAR2"
"CLTB_MIG_ACCOUNT_SCHEDULE","ACCOUNT_GL","VARCHAR2"
"CLTB_MIG_ACCOUNT_SCHEDULE","LAST_PMNT_VALUE_DATE","DATE"
"CLTB_MIG_ACCOUNT_SCHEDULE","RETRY_START_DATE","DATE"
"CLTB_MIG_ACCOUNT_SCHEDULE","MORA_INT","NUMBER"
"CLTB_MIG_ACCOUNT_SCHEDULE","SCHEDULE_NO","NUMBER"
"CLTB_MIG_ACCOUNT_SCHEDULE","WRITEOFF_AMT","NUMBER"
"CLTB_MIG_ACCOUNT_SCHEDULE","READJ_SETTLED","NUMBER"
"CLTB_MIG_ACCOUNT_SCHEDULE","LAST_READJ_XRATE","NUMBER"
"CLTB_MIG_ACCOUNT_SCHEDULE","EXT_REF_NO","VARCHAR2"
"CLTB_MIG_ACCOUNT_SCHEDULE","SOURCE_CODE","VARCHAR2"
"CLTB_MIG_ACCOUNT_SCHEDULE","UPLOAD_STATUS","VARCHAR2"
"CLTB_MIG_ACCOUNT_SCHEDULE","IRR_APPLICABLE","CHAR"
"CLTB_MIG_ACCOUNT_SCHEDULE","LIST_DAYS","VARCHAR2"
"CLTB_MIG_ACCOUNT_SCHEDULE","LIST_AVG_AMT","VARCHAR2"
"CLTB_MIG_ACCOUNT_SCHEDULE","BRANCH_CODE","VARCHAR2"
"CLTB_MIG_ACCOUNT_SCHEDULE","COMPONENT_NAME","VARCHAR2"
"CLTB_MIG_ACCOUNT_SCHEDULE","FORMULA_NAME","VARCHAR2"
"CLTB_MIG_ACCOUNT_SCHEDULE","SCHEDULE_TYPE","VARCHAR2"
"CLTB_MIG_ACCOUNT_SCHEDULE","SCHEDULE_ST_DATE","DATE"
"CLTB_MIG_ACCOUNT_SCHEDULE","SCHEDULE_DUE_DATE","DATE"
"CLTB_MIG_ACCOUNT_SCHEDULE","GRACE_DAYS","NUMBER"
"CLTB_MIG_ACCOUNT_SCHEDULE","ORIG_AMOUNT_DUE","NUMBER"
"CLTB_MIG_ACCOUNT_SCHEDULE","AMOUNT_DUE","NUMBER"
"CLTB_MIG_ACCOUNT_SCHEDULE","ADJ_AMOUNT","NUMBER"
"CLTB_MIG_ACCOUNT_SCHEDULE","AMOUNT_SETTLED","NUMBER"
"CLTB_MIG_ACCOUNT_SCHEDULE","AMOUNT_OVERDUE","NUMBER"
"CLTB_MIG_ACCOUNT_SCHEDULE","ACCRUED_AMOUNT","NUMBER"
"CLTB_MIG_ACCOUNT_SCHEDULE","SETTLEMENT_CCY","VARCHAR2"
"CLTB_MIG_ACCOUNT_SCHEDULE","LCY_EQUIVALENT","NUMBER"
"CLTB_MIG_ACCOUNT_SCHEDULE","DLY_AVG_AMT","NUMBER"
"CLTB_MIG_ACCOUNT_SCHEDULE","EMI_AMOUNT","NUMBER"
"CLTB_MIG_ACCOUNT_SCHEDULE","SCHEDULE_FLAG","VARCHAR2"
"CLTB_MIG_ACCOUNT_SCHEDULE","WAIVER_FLAG","VARCHAR2"
"CLTB_ACCOUNT_PROPERTY","ACCOUNT_NUMBER","VARCHAR2"
"CLTB_ACCOUNT_PROPERTY","BRANCH_CODE","VARCHAR2"
"CLTB_ACCOUNT_PROPERTY","PROPERTY_NAME","VARCHAR2"
"CLTB_ACCOUNT_PROPERTY","COLLATERAL_TYPE","VARCHAR2"
"CLTB_ACCOUNT_PROPERTY","PROPERTY_ADDRESS1","VARCHAR2"
"CLTB_ACCOUNT_PROPERTY","PROPERTY_ADDRESS2","VARCHAR2"
"CLTB_ACCOUNT_PROPERTY","PROPERTY_ADDRESS3","VARCHAR2"
"CLTB_ACCOUNT_PROPERTY","PROPERTY_ADDRESS4","VARCHAR2"
"CLTB_ACCOUNT_PROPERTY","COUNTRY","VARCHAR2"
"CLTB_ACCOUNT_PROPERTY","PROPERTY_OWNER","VARCHAR2"
"CLTB_ACCOUNT_PROPERTY","PROPERTY_AGE","NUMBER"
"CLTB_ACCOUNT_PROPERTY","PROPERTY_VALUATION","NUMBER"
"CLTB_ACCOUNT_PROPERTY","OFFSET_MARGIN","NUMBER"
"CLTB_ACCOUNT_PROPERTY","LENDABLE_MARGIN","NUMBER"
"CLTB_ACCOUNT_PROPERTY","VALUATION_CURRENCY","VARCHAR2"
"CLTM_PRODUCT_COMP_FRM","PRODUCT_CODE","VARCHAR2"
"CLTM_PRODUCT_COMP_FRM","COMPONENT_NAME","VARCHAR2"
"CLTM_PRODUCT_COMP_FRM","FORMULA_NAME","VARCHAR2"
"CLTM_PRODUCT_COMP_FRM","AMORTIZED","VARCHAR2"
"CLTM_PRODUCT_COMP_FRM","ROUND_UPTO","NUMBER"
"CLTM_PRODUCT_COMP_FRM","BOOK_FLAG","VARCHAR2"
"CLTM_PRODUCT_COMP_FRM","DFLT_MORATORIUM_FRM","VARCHAR2"
"CLTM_PRODUCT_COMP_FRM","MORA_LIQ_FRM","VARCHAR2"
"CLTM_PRODUCT_COMP_FRM","COMPOUND_DAYS","NUMBER"
"CLTM_PRODUCT_COMP_FRM","COMPOUND_MONTHS","NUMBER"
"CLTM_PRODUCT_COMP_FRM","COMPOUND_YEARS","NUMBER"
"CLTM_PRODUCT_COMP_FRM","AMORT_BASIS_ELEMENT","VARCHAR2"
"CLTM_PRODUCT_COMP_FRM","LIQD_MORA_TO_EMI","VARCHAR2"
"CLTM_PRODUCT_COMP_FRM","ROUND_UP_DOWN","VARCHAR2"
"CLTM_PRODUCT_COMP_FRM","INTERMED_FLAG","VARCHAR2"
"CLTM_PRODUCT_COMP_FRM","DUE_DATES_ON","NUMBER"
"CLTM_PRODUCT_COMP_FRM","START_MONTH","NUMBER"
"CLTB_ACCOUNT_CHANGE_LOG","ACCOUNT_NUMBER","VARCHAR2"
"CLTB_ACCOUNT_CHANGE_LOG","BRANCH_CODE","VARCHAR2"
"CLTB_ACCOUNT_CHANGE_LOG","VERSION_NO","NUMBER"
"CLTB_ACCOUNT_CHANGE_LOG","CHANGE_SEQ_NO","NUMBER"
"CLTB_ACCOUNT_CHANGE_LOG","EVENT_CHANGE_LOG","NUMBER"
"CLTB_ACCOUNT_CHANGE_LOG","DATE_CHANGED","DATE"
"CLTB_ACCOUNT_CHANGE_LOG","FIELD_CHANGED","VARCHAR2"
"CLTB_ACCOUNT_CHANGE_LOG","FIELD_DESCRIPTION","VARCHAR2"
"CLTB_ACCOUNT_CHANGE_LOG","OLD_VALUE","VARCHAR2"
"CLTB_ACCOUNT_CHANGE_LOG","NEW_VALUE","VARCHAR2"
"CLTB_ACCOUNT_CHANGE_LOG","ACTION","VARCHAR2"
"CLTB_MIG_REFERNCE","ACCOUNT_NUMBER","VARCHAR2"
"CLTB_MIG_REFERNCE","SOURCE_REF","VARCHAR2"
"CLTB_MIG_REFERNCE","BRANCH_CODE","VARCHAR2"
"CLTB_MIG_REFERNCE","VALUE_DATE","DATE"
"CLTB_MIG_REFERNCE","AMT_BAL","NUMBER"
"CLTB_MIG_REFERNCE","MIG_DATE","DATE"
"CLTM_PRODUCT_COMPONENTS","DAYS_MTH","VARCHAR2"
"CLTM_PRODUCT_COMPONENTS","DAYS_YEAR","VARCHAR2"
"CLTM_PRODUCT_COMPONENTS","GRACE_DAYS","NUMBER"
"CLTM_PRODUCT_COMPONENTS","VERIFY_FUNDS","VARCHAR2"
"CLTM_PRODUCT_COMPONENTS","CAPITALIZED","VARCHAR2"
"CLTM_PRODUCT_COMPONENTS","ACCRUAL_REQUIRED","VARCHAR2"
"CLTM_PRODUCT_COMPONENTS","DAYS_FROM_CCY","VARCHAR2"
"CLTM_PRODUCT_COMPONENTS","ACCRUAL_FREQUENCY","VARCHAR2"
"CLTM_PRODUCT_COMPONENTS","ACCRUAL_START_MONTH","NUMBER"
"CLTM_PRODUCT_COMPONENTS","ACCRUAL_START_DATE","NUMBER"
"CLTM_PRODUCT_COMPONENTS","MORATORIUM_PERIOD","NUMBER"
"CLTM_PRODUCT_COMPONENTS","MORATORIUM_PERIOD_UNIT","VARCHAR2"
"CLTM_PRODUCT_COMPONENTS","FORMULA_TYPE","VARCHAR2"
"CLTM_PRODUCT_COMPONENTS","RATE_TO_USE","VARCHAR2"
"CLTM_PRODUCT_COMPONENTS","BASIS_ELEMENT","VARCHAR2"
"CLTM_PRODUCT_COMPONENTS","BALANCE_TYPE","VARCHAR2"
"CLTM_PRODUCT_COMPONENTS","COMP_REPORTING_TYPE","VARCHAR2"
"CLTM_PRODUCT_COMPONENTS","PREPMNT_THRESHOLD_AMT","NUMBER"
"CLTM_PRODUCT_COMPONENTS","PREPMNT_THRESHOLD_CCY","VARCHAR2"
"CLTM_PRODUCT_COMPONENTS","COMPONENT_CCY","VARCHAR2"
"CLTM_PRODUCT_COMPONENTS","IRR_APPLICABLE","CHAR"
"CLTM_PRODUCT_COMPONENTS","INT_POSTING_REQD","VARCHAR2"
"CLTM_PRODUCT_COMPONENTS","REP_TYPE","VARCHAR2"
"CLTM_PRODUCT_COMPONENTS","PROPAGATION_REQD","VARCHAR2"
"CLTM_PRODUCT_COMPONENTS","INCLUDE_IN_EMI","VARCHAR2"
"CLTM_PRODUCT_COMPONENTS","EQUAL_PROFIT","VARCHAR2"
"CLTM_PRODUCT_COMPONENTS","LIQUIDATION_MODE","VARCHAR2"
"CLTM_PRODUCT_COMPONENTS","COMPOUND_ON_OVERDUE","VARCHAR2"
"CLTM_PRODUCT_COMPONENTS","TRACK_RECEIVABLE","VARCHAR2"
"CLTM_PRODUCT_COMPONENTS","TRACK_PAYABLE","VARCHAR2"
"CLTM_PRODUCT_COMPONENTS","PRODUCT_CODE","VARCHAR2"
"CLTM_PRODUCT_COMPONENTS","COMPONENT_NAME","VARCHAR2"
"CLTM_PRODUCT_COMPONENTS","COMPONENT_DESC","VARCHAR2"
"CLTM_PRODUCT_COMPONENTS","COMPONENT_TYPE","VARCHAR2"
"CLTM_PRODUCT_COMPONENTS","MAIN_COMPONENT","VARCHAR2"
"CLTM_PRODUCT_COMPONENTS","SPL_INTEREST","VARCHAR2"
"CLTM_PRODUCT_COMPONENTS","PENAL_BASIS_COMP","VARCHAR2"
"CLTM_PRODUCT_COMPONENTS","PERIODICITY","VARCHAR2"
"CLTB_USERDEF_FUNCTIONS","FUNCTION_NAME","VARCHAR2"
"CLTB_USERDEF_FUNCTIONS","FUNCTION_DESCRIPTION","VARCHAR2"
"CLTB_USERDEF_FUNCTIONS","ORACLE_FUNCTION_NAME","VARCHAR2"
"CLTB_USERDEF_FUNCTIONS","RET_DATA_TYPE","CHAR"
"CLTB_USERDEF_FUNCTIONS","ARG_DATA_TYPE","VARCHAR2"
"CLTB_USERDEF_FUNCTIONS","FUNCTION_TYPE","CHAR"
"CLTB_ACCOUNT_UDE_VALUES","ACCOUNT_NUMBER","VARCHAR2"
"CLTB_ACCOUNT_UDE_VALUES","BRANCH_CODE","VARCHAR2"
"CLTB_ACCOUNT_UDE_VALUES","EFFECTIVE_DATE","DATE"
"CLTB_ACCOUNT_UDE_VALUES","UDE_ID","VARCHAR2"
"CLTB_ACCOUNT_UDE_VALUES","UDE_VALUE","NUMBER"
"CLTB_ACCOUNT_UDE_VALUES","RATE_CODE","VARCHAR2"
"CLTB_ACCOUNT_UDE_VALUES","CODE_USAGE","VARCHAR2"
"CLTB_ACCOUNT_UDE_VALUES","MAINT_RSLV_FLAG","VARCHAR2"
"CLTB_ACCOUNT_UDE_VALUES","RESOLVED_VALUE","NUMBER"
"CLTB_ACCOUNT_SCHEDULES_HISTORY","ACCOUNT_NUMBER","VARCHAR2"
"CLTB_ACCOUNT_SCHEDULES_HISTORY","BRANCH_CODE","VARCHAR2"
"CLTB_ACCOUNT_SCHEDULES_HISTORY","COMPONENT_NAME","VARCHAR2"
"CLTB_ACCOUNT_SCHEDULES_HISTORY","FORMULA_NAME","VARCHAR2"
"CLTB_ACCOUNT_SCHEDULES_HISTORY","SCHEDULE_TYPE","VARCHAR2"
"CLTB_ACCOUNT_SCHEDULES_HISTORY","SCHEDULE_ST_DATE","DATE"
"CLTB_ACCOUNT_SCHEDULES_HISTORY","SCHEDULE_DUE_DATE","DATE"
"CLTB_ACCOUNT_SCHEDULES_HISTORY","GRACE_DAYS","NUMBER"
"CLTB_ACCOUNT_SCHEDULES_HISTORY","ORIG_AMOUNT_DUE","NUMBER"
"CLTB_ACCOUNT_SCHEDULES_HISTORY","AMOUNT_DUE","NUMBER"
"CLTB_ACCOUNT_SCHEDULES_HISTORY","ADJ_AMOUNT","NUMBER"
"CLTB_ACCOUNT_SCHEDULES_HISTORY","AMOUNT_SETTLED","NUMBER"
"CLTB_ACCOUNT_SCHEDULES_HISTORY","AMOUNT_OVERDUE","NUMBER"
"CLTB_ACCOUNT_SCHEDULES_HISTORY","ACCRUED_AMOUNT","NUMBER"
"CLTB_ACCOUNT_SCHEDULES_HISTORY","SETTLEMENT_CCY","VARCHAR2"
"CLTB_ACCOUNT_SCHEDULES_HISTORY","LCY_EQUIVALENT","NUMBER"
"CLTB_ACCOUNT_SCHEDULES_HISTORY","DLY_AVG_AMT","NUMBER"
"CLTB_ACCOUNT_SCHEDULES_HISTORY","EMI_AMOUNT","NUMBER"
"CLTB_ACCOUNT_SCHEDULES_HISTORY","SCHEDULE_FLAG","VARCHAR2"
"CLTB_ACCOUNT_SCHEDULES_HISTORY","WAIVER_FLAG","VARCHAR2"
"CLTB_ACCOUNT_SCHEDULES_HISTORY","VERSION_NO","NUMBER"
"CLTB_ACCOUNT_SCHEDULES_HISTORY","EVENT_SEQ_NO","NUMBER"
"CLTB_ACCOUNT_SCHEDULES_HISTORY","SCHEDULE_LINKAGE","DATE"
"CLTB_ACCOUNT_SCHEDULES_HISTORY","CAPITALIZED","VARCHAR2"
"CLTB_ACCOUNT_SCHEDULES_HISTORY","PROCESS_NO","NUMBER"
"CLTB_ACCOUNT_SCHEDULES_HISTORY","AMOUNT_READJUSTED","NUMBER"
"CLTB_ACCOUNT_SCHEDULES_HISTORY","WRITEOFF_AMT","NUMBER"
"CLTB_ACCOUNT_SCHEDULES_HISTORY","LAST_PMNT_VALUE_DATE","DATE"
"CLTB_ACCOUNT_SCHEDULES_HISTORY","RETRY_START_DATE","DATE"
"CLTB_ACCOUNT_SCHEDULES_HISTORY","ADJ_SETTLED","NUMBER"
"CLTB_ACCOUNT_SCHEDULES_HISTORY","SCH_STATUS","VARCHAR2"
"CLTB_ACCOUNT_SCHEDULES_HISTORY","ACCOUNT_GL","VARCHAR2"
"CLTB_ACCOUNT_SCHEDULES_HISTORY","MORA_INT","NUMBER"
"CLTB_ACCOUNT_SCHEDULES_HISTORY","SCHEDULE_NO","NUMBER"
"CLTB_ACCOUNT_SCHEDULES_HISTORY","READJ_SETTLED","NUMBER"
"CLTB_ACCOUNT_SCHEDULES_HISTORY","LAST_READJ_XRATE","NUMBER"
"CLTB_ACCOUNT_SCHEDULES_HISTORY","SUSP_AMT_DUE","NUMBER"
"CLTB_ACCOUNT_SCHEDULES_HISTORY","SUSP_AMT_SETTLED","NUMBER"
"CLTB_ACCOUNT_SCHEDULES_HISTORY","SUSP_AMT_LCY","NUMBER"
"CLTB_ACCOUNT_SCHEDULES_HISTORY","SUSP_READ_AMT","NUMBER"
"CLTB_ACCOUNT_SCHEDULES_HISTORY","SUSP_READ_SETTLED","NUMBER"
"CLTB_ACCOUNT_SCHEDULES_HISTORY","LAST_SUSP_XRATE","NUMBER"
"CLTB_ACCOUNT_SCHEDULES_HISTORY","AMOUNT_WAIVED","NUMBER"
"CLTB_ACCOUNT_SCHEDULES_HISTORY","IRR_APPLICABLE","CHAR"
"CLTB_ACCOUNT_SCHEDULES_HISTORY","LIST_DAYS","VARCHAR2"
"CLTB_ACCOUNT_SCHEDULES_HISTORY","LIST_AVG_AMT","VARCHAR2"
"CLTB_ACCOUNT_SCHEDULES_HISTORY","PAY_BY_DATE","DATE"
"CLTB_JOB_CONTROL","BRANCH_CODE","VARCHAR2"
"CLTB_JOB_CONTROL","PROCESS_NO","NUMBER"
"CLTB_JOB_CONTROL","JOB_NO","NUMBER"
"CLTB_JOB_CONTROL","RUN_DATE","DATE"
"CLTB_JOB_CONTROL","STATUS","VARCHAR2"
"CLTB_JOB_CONTROL","ERR_MESSAGE","VARCHAR2"
"CLTB_JOB_CONTROL","FUNCTION_NAME","VARCHAR2"
"CLTB_JOB_CONTROL","MODULE_CODE","VARCHAR2"
"CLTB_DISBR_SCHEDULES_HIST","ACCOUNT_NUMBER","VARCHAR2"
"CLTB_DISBR_SCHEDULES_HIST","BRANCH_CODE","VARCHAR2"
"CLTB_DISBR_SCHEDULES_HIST","COMPONENT_NAME","VARCHAR2"
"CLTB_DISBR_SCHEDULES_HIST","SCHEDULE_ST_DATE","DATE"
"CLTB_DISBR_SCHEDULES_HIST","SCHEDULE_DUE_DATE","DATE"
"CLTB_DISBR_SCHEDULES_HIST","AMOUNT_TO_DISBR","NUMBER"
"CLTB_DISBR_SCHEDULES_HIST","SCHEDULE_LINKAGE","DATE"
"CLTB_DISBR_SCHEDULES_HIST","DTYPE","VARCHAR2"
"CLTB_DISBR_SCHEDULES_HIST","MANUAL_AMT_DSBR","NUMBER"
"CLTB_DISBR_SCHEDULES_HIST","VERSION_NO","NUMBER"
"CLTB_DISBR_SCHEDULES_HIST","CUR_DISBR_AMT","NUMBER"
"CLTB_DISBR_SCHEDULES_HIST","AMT_DISBURSED","NUMBER"
"CLTB_PROCESS_PARTITION","BRANCH_CODE","VARCHAR2"
"CLTB_PROCESS_PARTITION","LIABILITY_NO","VARCHAR2"
"CLTB_PROCESS_PARTITION","PROCESS_NO","NUMBER"
"CLTM_DPRTL_PRODUCT","PAYMENT_MODE","VARCHAR2"
"CLTM_DPRTL_PRODUCT","PRODUCT_CODE","VARCHAR2"
"CLTB_LIQ_SETTLEMENTS","ACCOUNT_NUMBER","VARCHAR2"
"CLTB_LIQ_SETTLEMENTS","BRANCH_CODE","VARCHAR2"
"CLTB_LIQ_SETTLEMENTS","EVENT_SEQ_NO","NUMBER"
"CLTB_LIQ_SETTLEMENTS","REVERSED","VARCHAR2"
"CLTB_LIQ_SETTLEMENTS","SETTLE_MODE","VARCHAR2"
"CLTB_LIQ_SETTLEMENTS","SETTLE_CCY","VARCHAR2"
"CLTB_LIQ_SETTLEMENTS","SETTLE_AMOUNT","NUMBER"
"CLTB_LIQ_SETTLEMENTS","LOAN_CCY_EQUIV","NUMBER"
"CLTB_LIQ_SETTLEMENTS","EXCH_RATE","NUMBER"
"CLTB_LIQ_SETTLEMENTS","SETTLE_BRN","VARCHAR2"
"CLTB_LIQ_SETTLEMENTS","SETTLE_ACC","VARCHAR2"
"CLTB_LIQ_SETTLEMENTS","SETTLE_PROD","VARCHAR2"
"CLTB_LIQ_SETTLEMENTS","INSTRUMENT_NO","VARCHAR2"
"CLTB_LIQ_SETTLEMENTS","CLEARING_HOUSE","VARCHAR2"
"CLTB_LIQ_SETTLEMENTS","REM_BANK","VARCHAR2"
"CLTB_LIQ_SETTLEMENTS","REM_BRANCH","VARCHAR2"
"CLTB_LIQ_SETTLEMENTS","REM_ACCOUNT","VARCHAR2"
"CLTB_LIQ_SETTLEMENTS","SETTLEMENT_REF_NO","VARCHAR2"
"CLTB_LIQ_SETTLEMENTS","BLOCK_NO","VARCHAR2"
"CLTB_LIQ_SETTLEMENTS","ROUTING_NO","VARCHAR2"
"CLTB_LIQ_SETTLEMENTS","END_POINT","VARCHAR2"
"CLTB_LIQ_SETTLEMENTS","CARD_NO","VARCHAR2"
"CLTB_LIQ_SETTLEMENTS","EXTERNAL_ACCOUNT_NO","VARCHAR2"
"CLTB_LIQ_SETTLEMENTS","EXTERNAL_ACCOUNT_NAME","VARCHAR2"
"CLTB_LIQ_SETTLEMENTS","CLEARING_BANK","VARCHAR2"
"CLTB_LIQ_SETTLEMENTS","CLEARING_BRANCH","VARCHAR2"
"CLTB_LIQ_SETTLEMENTS","SECTOR_CODE","VARCHAR2"
"CLTB_LIQ_SETTLEMENTS","REVP_ESN","NUMBER"
"CLTB_LIQ_SETTLEMENTS","UPLOAD_SOURCE","VARCHAR2"
"CLTB_LIQ_SETTLEMENTS","LIQB_ACC","VARCHAR2"
"CLTB_LIQ_SETTLEMENTS","NEGOTIATED_RATE","NUMBER"
"CLTB_LIQ_SETTLEMENTS","NEGOTIATION_REF_NO","VARCHAR2"
"CLTB_LIQ_SETTLEMENTS","ORG_EXCH_RATE","NUMBER"
